correction_count,coverage_ratio,hallucination_suspected,issues,manifest_artifact_count,manifest_hash_mismatches,manifest_missing_artifacts,manifest_raw_hash_mismatches,package_ok,paragraph_count,paragraph_max_chars,paragraph_median_chars,paragraph_min_chars,path,quality_flags,quality_score,quality_state,repetition_detected,segment_bad_rows,segment_count,segment_count_reported,segment_empty_text,segment_overlaps,segment_total_duration,transcript_chars,transcript_segment_char_ratio,transcript_segment_token_jaccard,transcript_words,video_id,warnings
0,0.23752969121140144,False,,5,0,0,0,True,1,9,9,9,scripts/ingestion/corpus/-0O6WmxU3pw,"[""low_speech_interval_coverage_estimate=0.238""]",0.5,needs_review,False,0,1,1,0,0,2.0,9,1.0,1.0,3,-0O6WmxU3pw,most_paragraphs_outside_300_500_chars
0,0.9924428490459097,False,,5,0,0,0,True,2,411,272.0,133,scripts/ingestion/corpus/-4qvpm4Rd6Q,"[""single_source_requires_human_review""]",0.7,needs_review,False,0,7,7,0,0,52.53,546,1.0,1.0,93,-4qvpm4Rd6Q,
2,0.9929827957509619,False,,5,0,0,0,True,2,426,377.0,328,scripts/ingestion/corpus/-4wCvcPrX-E,"[""single_source_requires_human_review""]",0.7,needs_review,False,0,18,18,0,0,410.37,756,1.0,1.0,134,-4wCvcPrX-E,
0,0.8477366255144032,False,,5,0,0,0,True,1,3,3,3,scripts/ingestion/corpus/-LK01oo7MAw,"[""single_source_requires_human_review""]",0.7,needs_review,False,0,1,1,0,0,2.06,3,1.0,1.0,1,-LK01oo7MAw,most_paragraphs_outside_300_500_chars
0,0.8279381012128816,False,,5,0,0,0,True,1,457,457,457,scripts/ingestion/corpus/-YQLpNmH0MQ,"[""single_source_requires_human_review""]",0.7,needs_review,False,0,29,29,0,0,98.97999999999999,457,1.0,1.0,121,-YQLpNmH0MQ,
0,0.0,False,,5,0,0,0,True,,,,,scripts/ingestion/corpus/-dzlXEIkqkI,"[""dead_lettered"", ""quarantined_from_retrieval""]",0.0,unavailable,False,0,0,0,0,0,0.0,,,,,-dzlXEIkqkI,
1,0.9990471199199581,False,,5,0,0,0,True,4,495,417.5,344,scripts/ingestion/corpus/-i-QFyNg8Io,"[""single_source_requires_human_review""]",0.7,needs_review,False,0,26,26,0,0,209.69,1680,1.0,1.0,314,-i-QFyNg8Io,
0,0.9657822699515688,False,,5,0,0,0,True,3,467,419,346,scripts/ingestion/corpus/-pBQ6Sy444o,"[""single_source_requires_human_review""]",0.7,needs_review,False,0,12,12,0,0,91.73,1236,1.0,1.0,224,-pBQ6Sy444o,
0,0.9751542575071988,False,,5,0,0,0,True,2,371,362.5,354,scripts/ingestion/corpus/-u6ZDfHdB54,"[""single_source_requires_human_review""]",0.7,needs_review,False,0,18,18,0,0,118.53,727,1.0,1.0,143,-u6ZDfHdB54,
1,0.994535519125683,False,,5,0,0,0,True,1,16,16,16,scripts/ingestion/corpus/-vboUHsZ2KM,"[""single_source_requires_human_review""]",0.7,needs_review,False,0,1,1,0,0,14.56,16,1.0,1.0,3,-vboUHsZ2KM,most_paragraphs_outside_300_500_chars
0,1.0,False,,5,0,0,0,True,4,448,395.0,31,scripts/ingestion/corpus/-wAUE5rcxis,"[""single_source_requires_human_review""]",0.7,needs_review,False,0,25,25,0,0,98.99,1275,1.0,1.0,247,-wAUE5rcxis,
0,0.9114267129228102,False,,5,0,0,0,True,3,431,392,168,scripts/ingestion/corpus/-yGLiryVQoQ,"[""single_source_requires_human_review""]",0.7,needs_review,False,0,11,11,0,0,84.07000000000001,995,1.0,1.0,175,-yGLiryVQoQ,
0,1.0,False,,5,0,0,0,True,4,384,370.5,221,scripts/ingestion/corpus/05wF2qqUVnI,"[""single_source_requires_human_review""]",0.7,needs_review,False,0,20,20,0,0,107.67,1352,1.0,1.0,243,05wF2qqUVnI,
1,1.0,False,,5,0,0,0,True,5,398,365,134,scripts/ingestion/corpus/07NOYJmkkFo,"[""single_source_requires_human_review""]",0.7,needs_review,False,0,14,14,0,0,115.52,1640,1.0,1.0,299,07NOYJmkkFo,
0,1.0,False,,5,0,0,0,True,7,417,361,50,scripts/ingestion/corpus/09d8aVgYOqQ,"[""single_source_requires_human_review""]",0.7,needs_review,False,0,45,45,0,0,225.54,2308,1.0,1.0,433,09d8aVgYOqQ,
0,0.9600265094701594,False,,5,0,0,0,True,6,448,394.0,364,scripts/ingestion/corpus/0Fa4Wyv0GOk,"[""single_source_requires_human_review""]",0.7,needs_review,False,0,54,54,0,0,275.23,2400,1.0,1.0,428,0Fa4Wyv0GOk,
0,0.9495515695067265,False,,5,0,0,0,True,2,417,407.0,397,scripts/ingestion/corpus/0Spa0u4IyLE,"[""single_source_requires_human_review""]",0.7,needs_review,False,0,11,11,0,0,59.29,816,1.0,1.0,142,0Spa0u4IyLE,
0,0.8769132653061221,False,,5,0,0,0,True,1,443,443,443,scripts/ingestion/corpus/0YfmJqftSLE,"[""single_source_requires_human_review""]",0.7,needs_review,False,0,5,5,0,0,41.249999999999986,443,1.0,1.0,80,0YfmJqftSLE,
0,0.9976688134655656,False,,5,0,0,0,True,9,462,384,169,scripts/ingestion/corpus/0k5f8G9uXqY,"[""single_source_requires_human_review""]",0.7,needs_review,False,0,86,86,0,0,505.0,3397,1.0,1.0,618,0k5f8G9uXqY,
0,0.9984944293887382,False,,5,0,0,0,True,1,351,351,351,scripts/ingestion/corpus/0m64VFmniGI,"[""single_source_requires_human_review""]",0.7,needs_review,False,0,5,5,0,0,33.16,351,1.0,1.0,66,0m64VFmniGI,
0,1.0,False,,5,0,0,0,True,1,191,191,191,scripts/ingestion/corpus/0poMFCoAhkM,"[""single_source_requires_human_review""]",0.7,needs_review,False,0,4,4,0,0,22.19,191,1.0,1.0,34,0poMFCoAhkM,most_paragraphs_outside_300_500_chars
0,0.9081227149896678,False,,5,0,0,0,True,2,670,346.5,23,scripts/ingestion/corpus/0u9oe-5HPmk,"[""single_source_requires_human_review""]",0.7,needs_review,False,0,10,10,0,0,57.129999999999995,695,1.0,1.0,106,0u9oe-5HPmk,most_paragraphs_outside_300_500_chars
0,0.7979929381155919,False,,5,0,0,0,True,2,361,284.0,207,scripts/ingestion/corpus/0va0izWG0Hc,"[""low_speech_interval_coverage_estimate=0.798""]",0.5,needs_review,False,0,8,8,0,0,42.940000000000005,570,1.0,1.0,99,0va0izWG0Hc,
1,0.9854795063032142,False,,5,0,0,0,True,9,472,382,95,scripts/ingestion/corpus/0ypG1mlekNY,"[""single_source_requires_human_review""]",0.7,needs_review,False,0,59,59,0,0,298.61999999999995,3357,1.0,1.0,577,0ypG1mlekNY,
0,0.0,False,,5,0,0,0,True,,,,,scripts/ingestion/corpus/16UXpd5BstM,"[""dead_lettered"", ""quarantined_from_retrieval""]",0.0,dead_lettered,False,0,0,0,0,0,0.0,,,,,16UXpd5BstM,
0,0.9623638795134688,False,,5,0,0,0,True,2,1509,951.0,393,scripts/ingestion/corpus/19EEFd2ueiI,"[""single_source_requires_human_review""]",0.7,needs_review,False,0,26,26,0,0,151.12,1904,1.0,1.0,328,19EEFd2ueiI,
0,0.0,False,,5,0,0,0,True,,,,,scripts/ingestion/corpus/1GLc7XE0Yvw,"[""dead_lettered"", ""quarantined_from_retrieval""]",0.0,unavailable,False,0,0,0,0,0,0.0,,,,,1GLc7XE0Yvw,
0,0.0,False,,5,0,0,0,True,,,,,scripts/ingestion/corpus/1J0HpmGWsZs,"[""dead_lettered"", ""quarantined_from_retrieval""]",0.0,dead_lettered,False,0,0,0,0,0,0.0,,,,,1J0HpmGWsZs,
1,1.0,False,,5,0,0,0,True,2,380,235.5,91,scripts/ingestion/corpus/1KnFnmU6NWw,"[""single_source_requires_human_review""]",0.7,needs_review,False,0,10,10,0,0,41.74,473,1.0,1.0,88,1KnFnmU6NWw,
5,0.9865546776442466,False,,5,0,0,0,True,4,2471,393.5,373,scripts/ingestion/corpus/1PlGMOAypCI,"[""single_source_requires_human_review""]",0.7,needs_review,False,0,78,78,0,0,297.17,3637,1.0,1.0,681,1PlGMOAypCI,
2,1.0,False,,5,0,0,0,True,2,368,339.0,310,scripts/ingestion/corpus/1WgqAO8AmsY,"[""single_source_requires_human_review""]",0.7,needs_review,False,0,11,11,0,0,46.48,680,1.0,1.0,116,1WgqAO8AmsY,
3,0.9536495790082781,False,,5,0,0,0,True,44,568,394.5,358,scripts/ingestion/corpus/1_-cZz8YRFw,"[""single_source_requires_human_review""]",0.7,needs_review,False,0,459,459,0,0,1615.12,18056,1.0,1.0,3237,1_-cZz8YRFw,
0,0.0,False,,5,0,0,0,True,,,,,scripts/ingestion/corpus/1cs5nliQUSQ,"[""dead_lettered"", ""quarantined_from_retrieval""]",0.0,dead_lettered,False,0,0,0,0,0,0.0,,,,,1cs5nliQUSQ,
3,0.8842760768033214,False,,5,0,0,0,True,2,478,364.0,250,scripts/ingestion/corpus/1e0yk20hF7Y,"[""single_source_requires_human_review""]",0.7,needs_review,False,0,16,16,0,0,51.12000000000001,730,1.0,1.0,123,1e0yk20hF7Y,
2,0.9958298582151793,False,,5,0,0,0,True,8,481,392.5,222,scripts/ingestion/corpus/1imcyoNUO-A,"[""single_source_requires_human_review""]",0.7,needs_review,False,0,43,43,0,0,238.8,3078,1.0,1.0,557,1imcyoNUO-A,
2,1.0,False,,5,0,0,0,True,2,595,492.0,389,scripts/ingestion/corpus/1jLbPyOnpjo,"[""single_source_requires_human_review""]",0.7,needs_review,False,0,14,14,0,0,63.21,986,1.0,1.0,182,1jLbPyOnpjo,
0,0.8371291266193059,False,,5,0,0,0,True,2,679,581.5,484,scripts/ingestion/corpus/1kS_mQaBLdg,"[""single_source_requires_human_review""]",0.7,needs_review,False,0,16,16,0,0,80.12999999999997,1165,1.0,1.0,217,1kS_mQaBLdg,
2,0.9863032093460454,False,,5,0,0,0,True,11,527,418,182,scripts/ingestion/corpus/1nhXsnx5--Y,"[""single_source_requires_human_review""]",0.7,needs_review,False,0,68,68,0,0,293.8,4509,1.0,1.0,830,1nhXsnx5--Y,
0,0.0,False,,5,0,0,0,True,,,,,scripts/ingestion/corpus/1oHlA7FtsGM,"[""dead_lettered"", ""quarantined_from_retrieval""]",0.0,unavailable,False,0,0,0,0,0,0.0,,,,,1oHlA7FtsGM,
0,0.0,False,,5,0,0,0,True,,,,,scripts/ingestion/corpus/1p0EnoA2u6o,"[""dead_lettered"", ""quarantined_from_retrieval""]",0.0,unavailable,False,0,0,0,0,0,0.0,,,,,1p0EnoA2u6o,
0,0.9703808895876654,False,,5,0,0,0,True,5,575,449,356,scripts/ingestion/corpus/1sMxPhQcvEA,"[""single_source_requires_human_review""]",0.7,needs_review,False,0,23,23,0,0,191.32999999999998,2383,1.0,1.0,387,1sMxPhQcvEA,
1,0.8102292953617424,False,,5,0,0,0,True,2,1348,939.0,530,scripts/ingestion/corpus/1w-IStuMl3M,"[""single_source_requires_human_review""]",0.7,needs_review,False,0,53,53,0,0,154.77000000000004,1880,1.0,1.0,348,1w-IStuMl3M,most_paragraphs_outside_300_500_chars
0,0.8237371189738416,False,,5,0,0,0,True,2,430,275.0,120,scripts/ingestion/corpus/207izZBbqVg,"[""single_source_requires_human_review""]",0.7,needs_review,False,0,11,11,0,0,228.62,552,1.0,1.0,102,207izZBbqVg,
0,0.0,False,,5,0,0,0,True,,,,,scripts/ingestion/corpus/21SEb5M9IRs,"[""dead_lettered"", ""quarantined_from_retrieval""]",0.0,dead_lettered,False,0,0,0,0,0,0.0,,,,,21SEb5M9IRs,
0,0.9644371814326292,False,,5,0,0,0,True,7,640,546,49,scripts/ingestion/corpus/2DLb6hDIhmg,"[""single_source_requires_human_review""]",0.7,needs_review,False,0,36,36,0,0,247.87000000000003,3246,1.0,1.0,587,2DLb6hDIhmg,most_paragraphs_outside_300_500_chars
1,0.9621237181607675,False,,5,0,0,0,True,2,466,354.5,243,scripts/ingestion/corpus/2JL1ZgMS7nY,"[""single_source_requires_human_review""]",0.7,needs_review,False,0,7,7,0,0,58.17,711,1.0,1.0,118,2JL1ZgMS7nY,
0,1.0,False,,5,0,0,0,True,8,423,377.5,42,scripts/ingestion/corpus/2RES9QrbVMA,"[""single_source_requires_human_review""]",0.7,needs_review,False,0,34,34,0,0,223.54,2761,1.0,1.0,479,2RES9QrbVMA,
0,1.0,False,,5,0,0,0,True,7,423,375,186,scripts/ingestion/corpus/2U2GS7IkE8c,"[""single_source_requires_human_review""]",0.7,needs_review,False,0,35,35,0,0,199.07,2521,1.0,1.0,437,2U2GS7IkE8c,
0,0.9506362001199121,False,,5,0,0,0,True,1,1904,1904,1904,scripts/ingestion/corpus/2X0BCy1bRcU,"[""single_source_requires_human_review""]",0.7,needs_review,False,0,21,21,0,0,142.70000000000002,1904,1.0,1.0,338,2X0BCy1bRcU,most_paragraphs_outside_300_500_chars
1,0.9909242172137348,False,,5,0,0,0,True,1,2036,2036,2036,scripts/ingestion/corpus/2seBB2oByZc,[],0.85,trusted_after_review,False,0,29,29,0,0,131.02,2036,1.0,1.0,368,2seBB2oByZc,most_paragraphs_outside_300_500_chars | correction_not_marked_reversal_tested
0,1.0,False,,5,0,0,0,True,8,422,378.0,116,scripts/ingestion/corpus/2z5qxSr4EaI,"[""single_source_requires_human_review""]",0.7,needs_review,False,0,42,42,0,0,232.1,2791,1.0,1.0,472,2z5qxSr4EaI,
2,0.9965536340697889,False,,5,0,0,0,True,5,461,371,329,scripts/ingestion/corpus/36rdT1bFOk0,"[""single_source_requires_human_review""]",0.7,needs_review,False,0,30,30,0,0,161.93,1977,1.0,1.0,337,36rdT1bFOk0,
0,0.803284605666847,False,,5,0,0,0,True,2,411,221.0,31,scripts/ingestion/corpus/38-NgBAet1c,"[""single_source_requires_human_review""]",0.7,needs_review,False,0,6,6,0,0,44.50999999999999,444,1.0,1.0,80,38-NgBAet1c,
0,0.9433962264150942,False,,5,0,0,0,True,1,27,27,27,scripts/ingestion/corpus/3EqnSkAzfIg,"[""single_source_requires_human_review""]",0.7,needs_review,False,0,1,1,0,0,3.0,27,1.0,1.0,4,3EqnSkAzfIg,most_paragraphs_outside_300_500_chars
0,0.9672990063233965,False,,5,0,0,0,True,3,552,533,408,scripts/ingestion/corpus/3HytZ8tSiYE,"[""single_source_requires_human_review""]",0.7,needs_review,False,0,27,27,0,0,107.08,1497,1.0,1.0,279,3HytZ8tSiYE,most_paragraphs_outside_300_500_chars
1,0.9676252646436132,False,,5,0,0,0,True,4,518,443.0,249,scripts/ingestion/corpus/3ITFXvYIPqg,"[""single_source_requires_human_review""]",0.7,needs_review,False,0,12,12,0,0,109.69,1659,1.0,1.0,302,3ITFXvYIPqg,
0,0.0,False,,5,0,0,0,True,,,,,scripts/ingestion/corpus/3InKt2QjqQ8,"[""dead_lettered"", ""quarantined_from_retrieval""]",0.0,dead_lettered,False,0,0,0,0,0,0.0,,,,,3InKt2QjqQ8,
3,0.9980412128809841,False,,5,0,0,0,True,7,516,437,355,scripts/ingestion/corpus/3OjpANs8PDw,"[""single_source_requires_human_review""]",0.7,needs_review,False,0,48,48,0,0,254.76,3037,1.0,1.0,570,3OjpANs8PDw,
17,0.882122848484488,False,,5,0,0,0,True,27,2371,652,393,scripts/ingestion/corpus/3RyCldrCxL8,"[""single_source_requires_human_review""]",0.7,needs_review,False,0,231,231,0,0,1481.6400000000006,20540,1.0,1.0,3623,3RyCldrCxL8,most_paragraphs_outside_300_500_chars
0,1.0,False,,5,0,0,0,True,3,402,402,370,scripts/ingestion/corpus/3WnNyhhB_4w,"[""single_source_requires_human_review""]",0.7,needs_review,False,0,19,19,0,0,107.52,1178,1.0,1.0,217,3WnNyhhB_4w,
0,0.0,False,,5,0,0,0,True,,,,,scripts/ingestion/corpus/3_SHb2rvvvI,"[""dead_lettered"", ""quarantined_from_retrieval""]",0.0,unavailable,False,0,0,0,0,0,0.0,,,,,3_SHb2rvvvI,
0,0.9398333143052858,False,,5,0,0,0,True,4,608,417.5,404,scripts/ingestion/corpus/3qEON3iXjNM,"[""single_source_requires_human_review""]",0.7,needs_review,False,0,32,32,0,0,164.64,1853,1.0,1.0,347,3qEON3iXjNM,
0,0.9996200607902737,False,,5,0,0,0,True,2,366,268.5,171,scripts/ingestion/corpus/3weAVHuSCxg,"[""single_source_requires_human_review""]",0.7,needs_review,False,0,6,6,0,0,52.620000000000005,539,1.0,1.0,98,3weAVHuSCxg,
1,0.99933598937583,False,,5,0,0,0,True,4,400,386.5,96,scripts/ingestion/corpus/40tIgtC8yec,"[""single_source_requires_human_review""]",0.7,needs_review,False,0,28,28,0,0,120.4,1275,1.0,1.0,217,40tIgtC8yec,
0,0.545320197044335,False,,5,0,0,0,True,1,106,106,106,scripts/ingestion/corpus/453IrXoe_Ug,"[""low_speech_interval_coverage_estimate=0.545""]",0.5,needs_review,False,0,1,1,0,0,11.07,106,1.0,1.0,18,453IrXoe_Ug,most_paragraphs_outside_300_500_chars
0,0.9989938995177106,False,,5,0,0,0,True,8,408,383.0,8,scripts/ingestion/corpus/46g5U6v3SGc,"[""single_source_requires_human_review""]",0.7,needs_review,False,0,70,70,0,0,625.55,2753,1.0,1.0,504,46g5U6v3SGc,
0,0.8610676792494975,False,,5,0,0,0,True,2,463,272.5,82,scripts/ingestion/corpus/4Fjf6IQsjQs,"[""single_source_requires_human_review""]",0.7,needs_review,False,0,5,5,0,0,38.550000000000004,547,1.0,1.0,92,4Fjf6IQsjQs,
1,0.9816532673675531,False,,5,0,0,0,True,2,367,324.0,281,scripts/ingestion/corpus/4HRL8IxADhg,"[""single_source_requires_human_review""]",0.7,needs_review,False,0,10,10,0,0,95.24,650,1.0,1.0,132,4HRL8IxADhg,
3,0.8769907151202115,False,,5,0,0,0,True,6,777,433.0,352,scripts/ingestion/corpus/4LIZkNHlNaM,"[""single_source_requires_human_review""]",0.7,needs_review,False,0,50,50,0,0,285.25,2997,1.0,1.0,561,4LIZkNHlNaM,
0,0.8660508083140878,False,,5,0,0,0,True,2,473,342.5,212,scripts/ingestion/corpus/4QL5Djtikmw,"[""single_source_requires_human_review""]",0.7,needs_review,False,0,9,9,0,0,45.0,687,1.0,1.0,130,4QL5Djtikmw,
2,0.9601729106628242,False,,5,0,0,0,True,4,764,611.5,349,scripts/ingestion/corpus/4_Fqfew1PRk,"[""single_source_requires_human_review""]",0.7,needs_review,False,0,25,25,0,0,166.59,2342,1.0,1.0,494,4_Fqfew1PRk,most_paragraphs_outside_300_500_chars
1,0.9955762967284041,False,,5,0,0,0,True,7,467,394,357,scripts/ingestion/corpus/4eV8OvVEm6A,"[""single_source_requires_human_review""]",0.7,needs_review,False,0,35,35,0,0,204.8,2805,1.0,1.0,469,4eV8OvVEm6A,
1,0.9745473180731123,False,,5,0,0,0,True,2,398,290.5,183,scripts/ingestion/corpus/4rZDc-SaOB8,"[""single_source_requires_human_review""]",0.7,needs_review,False,0,7,7,0,0,57.05,583,1.0,1.0,118,4rZDc-SaOB8,
9,0.9126364663069393,False,,5,0,0,0,True,7,572,453,368,scripts/ingestion/corpus/4ytgjpow498,"[""single_source_requires_human_review""]",0.7,needs_review,False,0,41,41,0,0,363.63999999999993,3113,1.0,1.0,535,4ytgjpow498,
0,0.0,False,,5,0,0,0,True,,,,,scripts/ingestion/corpus/53Jzhrf-IWk,"[""dead_lettered"", ""quarantined_from_retrieval""]",0.0,dead_lettered,False,0,0,0,0,0,0.0,,,,,53Jzhrf-IWk,
2,1.0,False,,5,0,0,0,True,7,432,385,135,scripts/ingestion/corpus/5RcKCxfLEHM,"[""single_source_requires_human_review""]",0.7,needs_review,False,0,37,37,0,0,152.93,2526,1.0,1.0,459,5RcKCxfLEHM,
1,0.9939004815409309,False,,5,0,0,0,True,5,487,446,372,scripts/ingestion/corpus/5TbaZA522Fs,"[""single_source_requires_human_review""]",0.7,needs_review,False,0,27,27,0,0,185.76,2196,1.0,1.0,351,5TbaZA522Fs,
4,0.9997430824962106,False,,5,0,0,0,True,6,424,395.5,212,scripts/ingestion/corpus/5Tdb7hBwX88,"[""single_source_requires_human_review""]",0.7,needs_review,False,0,63,63,0,0,389.13000000000005,2227,1.0,1.0,409,5Tdb7hBwX88,
0,0.9993321646214208,False,,5,0,0,0,True,6,418,368.0,72,scripts/ingestion/corpus/5YJ6vynFWFc,"[""single_source_requires_human_review""]",0.7,needs_review,False,0,60,60,0,0,119.71000000000001,1998,1.0,1.0,400,5YJ6vynFWFc,
0,0.9105089377205966,False,,5,0,0,0,True,3,375,356,116,scripts/ingestion/corpus/5daxvIoDLVU,"[""single_source_requires_human_review""]",0.7,needs_review,False,0,16,16,0,0,79.97,851,1.0,1.0,146,5daxvIoDLVU,
0,0.7291328353361481,False,,5,0,0,0,True,1,183,183,183,scripts/ingestion/corpus/5hNCT4duOgc,"[""low_speech_interval_coverage_estimate=0.729""]",0.5,needs_review,False,0,5,5,0,0,22.45,183,1.0,1.0,35,5hNCT4duOgc,most_paragraphs_outside_300_500_chars
0,1.0,False,,5,0,0,0,True,1,66,66,66,scripts/ingestion/corpus/5hOsWGYAHFg,"[""single_source_requires_human_review""]",0.7,needs_review,False,0,1,1,0,0,2.74,66,1.0,1.0,22,5hOsWGYAHFg,most_paragraphs_outside_300_500_chars
1,0.9992466637968144,False,,5,0,0,0,True,5,487,437,400,scripts/ingestion/corpus/5ia1FNUN6fk,"[""single_source_requires_human_review""]",0.7,needs_review,False,0,22,22,0,0,185.7,2190,1.0,1.0,351,5ia1FNUN6fk,
3,0.9845278935371723,False,,5,0,0,0,True,9,467,411,34,scripts/ingestion/corpus/5qA5ibrq9NU,"[""single_source_requires_human_review""]",0.7,needs_review,False,0,62,62,0,0,855.22,3425,1.0,1.0,588,5qA5ibrq9NU,
0,0.9235401845460312,False,,5,0,0,0,True,11,414,369,28,scripts/ingestion/corpus/5xxp7L-Ktp8,"[""single_source_requires_human_review""]",0.7,needs_review,False,0,84,84,0,0,262.2300000000001,3854,1.0,1.0,736,5xxp7L-Ktp8,
0,0.9758144946808511,False,,5,0,0,0,True,3,445,359,358,scripts/ingestion/corpus/6-GWHR9_iSU,"[""single_source_requires_human_review""]",0.7,needs_review,False,0,15,15,0,0,117.41,1166,1.0,1.0,192,6-GWHR9_iSU,
0,0.8040171009115109,False,,5,0,0,0,True,2,436,419.5,403,scripts/ingestion/corpus/69IrsSXeBTg,"[""single_source_requires_human_review""]",0.7,needs_review,False,0,18,18,0,0,498.37000000000006,841,1.0,1.0,141,69IrsSXeBTg,
0,0.9919323857087975,False,,5,0,0,0,True,1,238,238,238,scripts/ingestion/corpus/6EHw_0gYD5w,"[""single_source_requires_human_review""]",0.7,needs_review,False,0,6,6,0,0,25.82,238,1.0,1.0,42,6EHw_0gYD5w,most_paragraphs_outside_300_500_chars
0,0.9095349429384944,False,,5,0,0,0,True,6,1580,535.0,264,scripts/ingestion/corpus/6SGdA1xnd4A,"[""single_source_requires_human_review""]",0.7,needs_review,False,0,44,44,0,0,392.9100000000002,3984,1.0,1.0,724,6SGdA1xnd4A,most_paragraphs_outside_300_500_chars
4,0.8551195246649165,False,,5,0,0,0,True,1,2016,2016,2016,scripts/ingestion/corpus/6YexvWyPC6k,"[""single_source_requires_human_review""]",0.7,needs_review,False,0,29,29,0,0,123.77000000000002,2016,1.0,1.0,398,6YexvWyPC6k,most_paragraphs_outside_300_500_chars
0,0.9992019154030328,False,,5,0,0,0,True,2,775,606.5,438,scripts/ingestion/corpus/6j6EGVpQkI8,"[""single_source_requires_human_review""]",0.7,needs_review,False,0,16,16,0,0,137.72000000000003,1215,1.0,1.0,213,6j6EGVpQkI8,
0,0.9993753903810118,False,,5,0,0,0,True,1,376,376,376,scripts/ingestion/corpus/6rLvPzNyLRw,"[""single_source_requires_human_review""]",0.7,needs_review,False,0,8,8,0,0,32.0,376,1.0,1.0,62,6rLvPzNyLRw,
0,0.9918313069908815,False,,5,0,0,0,True,2,433,240.5,48,scripts/ingestion/corpus/6yHWS32aNOs,"[""single_source_requires_human_review""]",0.7,needs_review,False,0,13,13,0,0,52.21,483,1.0,1.0,82,6yHWS32aNOs,
0,0.8878499650706647,True,,5,0,0,0,True,5,448,426,218,scripts/ingestion/corpus/77dJnbTCwsA,"[""repetition_loop_detected: 'Do you choose a leader' (count=4)""]",0.45,needs_review,True,0,34,34,0,0,165.22,1938,1.0,1.0,358,77dJnbTCwsA,
0,0.997613763810342,False,,5,0,0,0,True,12,526,414.5,171,scripts/ingestion/corpus/7BLsD_meNzw,"[""single_source_requires_human_review""]",0.7,needs_review,False,0,65,65,0,0,418.07,4929,1.0,1.0,942,7BLsD_meNzw,
0,1.0,False,,5,0,0,0,True,2,436,402.0,368,scripts/ingestion/corpus/7L2scLHOEC4,"[""single_source_requires_human_review""]",0.7,needs_review,False,0,16,16,0,0,93.83,806,1.0,1.0,165,7L2scLHOEC4,
0,0.9892356310487853,False,,5,0,0,0,True,8,478,396.0,194,scripts/ingestion/corpus/7NVPsHdyw_Y,"[""single_source_requires_human_review""]",0.7,needs_review,False,0,54,54,0,0,300.51,3044,1.0,1.0,558,7NVPsHdyw_Y,
5,0.8708695317905742,False,,5,0,0,0,True,11,1694,469,227,scripts/ingestion/corpus/7Pfat_DztMI,"[""single_source_requires_human_review""]",0.7,needs_review,False,0,74,74,0,0,1132.74,6371,1.0,1.0,1104,7Pfat_DztMI,most_paragraphs_outside_300_500_chars
0,0.8722697056030392,False,,5,0,0,0,True,2,646,510.5,375,scripts/ingestion/corpus/7UuDjBiHrMA,"[""single_source_requires_human_review""]",0.7,needs_review,False,0,29,29,0,0,73.48000000000002,1023,1.0,1.0,231,7UuDjBiHrMA,
0,0.0,False,,5,0,0,0,True,,,,,scripts/ingestion/corpus/7b6tnI7VmB4,"[""dead_lettered"", ""quarantined_from_retrieval""]",0.0,dead_lettered,False,0,0,0,0,0,0.0,,,,,7b6tnI7VmB4,
0,0.0,False,,5,0,0,0,True,,,,,scripts/ingestion/corpus/7i_LOcXlznQ,"[""dead_lettered"", ""quarantined_from_retrieval""]",0.0,unavailable,False,0,0,0,0,0,0.0,,,,,7i_LOcXlznQ,
0,1.0,False,,5,0,0,0,True,2,709,535.0,361,scripts/ingestion/corpus/7lggUuJtZXY,"[""single_source_requires_human_review""]",0.7,needs_review,False,0,13,13,0,0,82.43,1072,1.0,1.0,189,7lggUuJtZXY,
0,0.8590886161089625,False,,5,0,0,0,True,2,1613,1267.0,921,scripts/ingestion/corpus/81fCD_f4exU,"[""single_source_requires_human_review""]",0.7,needs_review,False,0,47,47,0,0,204.35999999999999,2536,1.0,1.0,477,81fCD_f4exU,most_paragraphs_outside_300_500_chars
4,0.89831307627829,True,,5,0,0,0,True,8,984,396.5,273,scripts/ingestion/corpus/88NOQTz5_yI,"[""repetition_loop_detected: 'aakening van die humo ontsiesnes' (count=5)""]",0.45,needs_review,True,0,90,90,0,0,342.94,3763,1.0,1.0,680,88NOQTz5_yI,
0,0.9769538570632629,False,,5,0,0,0,True,1,1926,1926,1926,scripts/ingestion/corpus/8CgS_ANm26Y,"[""single_source_requires_human_review""]",0.7,needs_review,False,0,26,26,0,0,192.88,1926,1.0,1.0,345,8CgS_ANm26Y,most_paragraphs_outside_300_500_chars
1,0.9967629780601847,False,,5,0,0,0,True,2,420,404.0,388,scripts/ingestion/corpus/8IScMLY_yLY,"[""single_source_requires_human_review""]",0.7,needs_review,False,0,13,13,0,0,83.14,810,1.0,1.0,143,8IScMLY_yLY,
4,0.8185821224130341,False,,5,0,0,0,True,2,405,245.5,86,scripts/ingestion/corpus/8KaPqYLRWjc,"[""single_source_requires_human_review""]",0.7,needs_review,False,0,12,12,0,0,37.18000000000001,493,1.0,1.0,81,8KaPqYLRWjc,
5,0.9724022346368715,False,,5,0,0,0,True,11,473,405,276,scripts/ingestion/corpus/8Lp2qPXYix4,"[""single_source_requires_human_review""]",0.7,needs_review,False,0,72,72,0,0,435.15,4408,1.0,1.0,811,8Lp2qPXYix4,
1,0.980127186009539,False,,5,0,0,0,True,2,406,351.0,296,scripts/ingestion/corpus/8RbRpbaCh1I,"[""single_source_requires_human_review""]",0.7,needs_review,False,0,8,8,0,0,49.32,704,1.0,1.0,117,8RbRpbaCh1I,
0,0.0,False,,5,0,0,0,True,,,,,scripts/ingestion/corpus/8XUuSO6eV7s,"[""dead_lettered"", ""quarantined_from_retrieval""]",0.0,unavailable,False,0,0,0,0,0,0.0,,,,,8XUuSO6eV7s,
1,1.0,False,,5,0,0,0,True,6,426,368.5,277,scripts/ingestion/corpus/8Xy8xsLIgAU,"[""single_source_requires_human_review""]",0.7,needs_review,False,0,32,32,0,0,216.74,2235,1.0,1.0,386,8Xy8xsLIgAU,
0,0.9125335594178322,False,,5,0,0,0,True,2,459,426.0,393,scripts/ingestion/corpus/8fKvjHOD_kQ,"[""single_source_requires_human_review""]",0.7,needs_review,False,0,15,15,0,0,64.57999999999998,854,1.0,1.0,136,8fKvjHOD_kQ,
0,1.0,False,,5,0,0,0,True,15,436,369,316,scripts/ingestion/corpus/8mmungGgDNw,"[""single_source_requires_human_review""]",0.7,needs_review,False,0,72,72,0,0,484.93,5728,1.0,1.0,1020,8mmungGgDNw,
0,0.0,False,,5,0,0,0,True,,,,,scripts/ingestion/corpus/8n4-3zJSZyI,"[""dead_lettered"", ""quarantined_from_retrieval""]",0.0,unavailable,False,0,0,0,0,0,0.0,,,,,8n4-3zJSZyI,
0,1.0,False,,5,0,0,0,True,3,420,391,133,scripts/ingestion/corpus/8p3zqYg5wuo,"[""single_source_requires_human_review""]",0.7,needs_review,False,0,14,14,0,0,82.84,948,1.0,1.0,150,8p3zqYg5wuo,
0,0.8647371473667198,False,,5,0,0,0,True,11,2681,642,351,scripts/ingestion/corpus/8xJampnp9qc,"[""single_source_requires_human_review""]",0.7,needs_review,False,0,282,282,0,0,1818.9400000000005,10044,1.0,1.0,3517,8xJampnp9qc,most_paragraphs_outside_300_500_chars
0,0.9382441977800201,False,,5,0,0,0,True,4,1400,473.0,374,scripts/ingestion/corpus/9-NMv5E-18s,"[""single_source_requires_human_review""]",0.7,needs_review,False,0,35,35,0,0,278.94,2726,1.0,1.0,480,9-NMv5E-18s,
3,0.8376112437594962,False,,5,0,0,0,True,4,1941,871.5,406,scripts/ingestion/corpus/93evJf7Il-c,"[""single_source_requires_human_review""]",0.7,needs_review,False,0,72,72,0,0,308.7099999999999,4096,1.0,1.0,769,93evJf7Il-c,
6,0.8819827976459942,False,,5,0,0,0,True,2,2184,1361.5,539,scripts/ingestion/corpus/9Mv4Thnx9SU,"[""single_source_requires_human_review""]",0.7,needs_review,False,0,47,47,0,0,194.83000000000013,2725,1.0,1.0,522,9Mv4Thnx9SU,most_paragraphs_outside_300_500_chars
0,0.9213055954088952,False,,5,0,0,0,True,2,609,609.0,609,scripts/ingestion/corpus/9RkGiNC-jJA,"[""single_source_requires_human_review""]",0.7,needs_review,False,0,21,21,0,0,128.43,1220,1.0,1.0,255,9RkGiNC-jJA,most_paragraphs_outside_300_500_chars
1,0.9620986428334989,False,,5,0,0,0,True,2,466,354.5,243,scripts/ingestion/corpus/9XbV4ubs3Fw,"[""single_source_requires_human_review""]",0.7,needs_review,False,0,7,7,0,0,58.13,711,1.0,1.0,118,9XbV4ubs3Fw,
1,0.9636530238240685,False,,5,0,0,0,True,3,438,405,298,scripts/ingestion/corpus/9id3ygnEhh8,"[""single_source_requires_human_review""]",0.7,needs_review,False,0,29,29,0,0,94.65,1145,1.0,1.0,193,9id3ygnEhh8,
0,0.8664054150338438,False,,5,0,0,0,True,2,592,544.0,496,scripts/ingestion/corpus/9kSjk8uqNbI,"[""single_source_requires_human_review""]",0.7,needs_review,False,0,13,13,0,0,72.95999999999998,1090,1.0,1.0,188,9kSjk8uqNbI,
0,0.9612131029517639,False,,5,0,0,0,True,3,903,546,124,scripts/ingestion/corpus/9wm4ey4OX8g,"[""single_source_requires_human_review""]",0.7,needs_review,False,0,18,18,0,0,106.81,1577,1.0,1.0,274,9wm4ey4OX8g,most_paragraphs_outside_300_500_chars
0,0.8437635246256383,False,,5,0,0,0,True,1,1198,1198,1198,scripts/ingestion/corpus/9yaEGbPIxPk,"[""single_source_requires_human_review""]",0.7,needs_review,False,0,30,30,0,0,97.47999999999999,1198,1.0,1.0,268,9yaEGbPIxPk,most_paragraphs_outside_300_500_chars
0,0.9741523068371318,False,,5,0,0,0,True,5,395,391,85,scripts/ingestion/corpus/A0edLNr-mks,"[""single_source_requires_human_review""]",0.7,needs_review,False,0,30,30,0,0,105.15,1642,1.0,1.0,302,A0edLNr-mks,
0,0.0,False,,5,0,0,0,True,,,,,scripts/ingestion/corpus/A6vBcCd_54I,"[""dead_lettered"", ""quarantined_from_retrieval""]",0.0,unavailable,False,0,0,0,0,0,0.0,,,,,A6vBcCd_54I,
0,0.9800519423108802,False,,5,0,0,0,True,5,441,401,393,scripts/ingestion/corpus/AB-t5CoxMHM,"[""single_source_requires_human_review""]",0.7,needs_review,False,0,37,37,0,0,177.35999999999999,2078,1.0,1.0,356,AB-t5CoxMHM,
10,0.8239949728327112,False,,5,0,0,0,True,39,772,402,147,scripts/ingestion/corpus/ACvOem_B-Ek,"[""single_source_requires_human_review""]",0.7,needs_review,False,0,497,497,0,0,3042.14,16777,1.0,1.0,2989,ACvOem_B-Ek,
0,0.9264209531524233,False,,5,0,0,0,True,4,485,363.5,326,scripts/ingestion/corpus/AHbh4mzrwUQ,"[""single_source_requires_human_review""]",0.7,needs_review,False,0,24,24,0,0,137.23999999999998,1544,1.0,1.0,277,AHbh4mzrwUQ,
0,0.2504540403846895,False,,5,0,0,0,True,4,456,375.0,223,scripts/ingestion/corpus/AK435vKMtlo,"[""low_speech_interval_coverage_estimate=0.250""]",0.5,needs_review,False,0,38,38,0,0,326.83000000000055,1435,1.0,1.0,532,AK435vKMtlo,
0,0.0,False,,5,0,0,0,True,,,,,scripts/ingestion/corpus/ALXWHiS-ing,"[""dead_lettered"", ""quarantined_from_retrieval""]",0.0,dead_lettered,False,0,0,0,0,0,0.0,,,,,ALXWHiS-ing,
1,0.9639731325055975,False,,5,0,0,0,True,3,438,406,298,scripts/ingestion/corpus/AQUZcU5L9xE,"[""single_source_requires_human_review""]",0.7,needs_review,False,0,15,15,0,0,94.72000000000001,1146,1.0,1.0,193,AQUZcU5L9xE,
0,0.9870312052676783,False,,5,0,0,0,True,9,500,381,190,scripts/ingestion/corpus/Ao8Rhhl9E8k,"[""single_source_requires_human_review""]",0.7,needs_review,False,0,78,78,0,0,344.77000000000004,3477,1.0,1.0,604,Ao8Rhhl9E8k,
0,0.9752182483807378,False,,5,0,0,0,True,1,382,382,382,scripts/ingestion/corpus/ApX7lGnn-2U,"[""single_source_requires_human_review""]",0.7,needs_review,False,0,5,5,0,0,34.629999999999995,382,1.0,1.0,66,ApX7lGnn-2U,
1,0.9683728494393564,False,,5,0,0,0,True,2,2715,1574.5,434,scripts/ingestion/corpus/AviNwtN1luo,"[""single_source_requires_human_review""]",0.7,needs_review,False,0,35,35,0,0,226.27,3151,1.0,1.0,578,AviNwtN1luo,
0,0.9763285024154591,False,,5,0,0,0,True,1,1186,1186,1186,scripts/ingestion/corpus/AwDC-VZWfzU,"[""single_source_requires_human_review""]",0.7,needs_review,False,0,13,13,0,0,101.05000000000001,1186,1.0,1.0,206,AwDC-VZWfzU,most_paragraphs_outside_300_500_chars
0,0.9998301774645496,False,,5,0,0,0,True,3,395,363,339,scripts/ingestion/corpus/AxlmYK0B9Yw,"[""single_source_requires_human_review""]",0.7,needs_review,False,0,18,18,0,0,117.75,1101,1.0,1.0,210,AxlmYK0B9Yw,
1,0.9912138040460134,False,,5,0,0,0,True,10,635,406.5,130,scripts/ingestion/corpus/AyUE-2Uh5Vg,"[""single_source_requires_human_review""]",0.7,needs_review,False,0,65,65,0,0,499.77,4125,1.0,1.0,758,AyUE-2Uh5Vg,
0,0.9965404359794657,False,,5,0,0,0,True,8,446,399.0,149,scripts/ingestion/corpus/B8wapoLAu84,"[""single_source_requires_human_review""]",0.7,needs_review,False,0,77,77,0,0,267.89,3042,1.0,1.0,529,B8wapoLAu84,
0,0.9890920757138273,False,,5,0,0,0,True,1,368,368,368,scripts/ingestion/corpus/B9LZcfD-blU,"[""single_source_requires_human_review""]",0.7,needs_review,False,0,4,4,0,0,30.83,368,1.0,1.0,65,B9LZcfD-blU,
0,0.0,False,,5,0,0,0,True,,,,,scripts/ingestion/corpus/BJfhRGjPznA,"[""dead_lettered"", ""quarantined_from_retrieval""]",0.0,dead_lettered,False,0,0,0,0,0,0.0,,,,,BJfhRGjPznA,
0,0.9433652121936641,False,,5,0,0,0,True,2,474,442.5,411,scripts/ingestion/corpus/BLvi5n274XY,"[""single_source_requires_human_review""]",0.7,needs_review,False,0,11,11,0,0,63.13,887,1.0,1.0,154,BLvi5n274XY,
0,0.876474735267035,False,,5,0,0,0,True,15,2361,617,325,scripts/ingestion/corpus/BZDXIQwOPdU,"[""single_source_requires_human_review""]",0.7,needs_review,False,0,154,154,0,0,1218.37,13930,1.0,1.0,2497,BZDXIQwOPdU,most_paragraphs_outside_300_500_chars
0,0.0,False,,5,0,0,0,True,,,,,scripts/ingestion/corpus/Ba-hG3SGdfw,"[""dead_lettered"", ""quarantined_from_retrieval""]",0.0,dead_lettered,False,0,0,0,0,0,0.0,,,,,Ba-hG3SGdfw,
3,0.9136405085018507,False,,5,0,0,0,True,7,1112,523,419,scripts/ingestion/corpus/BkM7IcqUaj0,"[""single_source_requires_human_review""]",0.7,needs_review,False,0,48,48,0,0,340.6600000000001,4219,1.0,1.0,748,BkM7IcqUaj0,most_paragraphs_outside_300_500_chars
0,0.8076301978199436,False,,5,0,0,0,True,1,592,592,592,scripts/ingestion/corpus/BsiePkp9bAc,"[""single_source_requires_human_review""]",0.7,needs_review,False,0,9,9,0,0,40.010000000000005,592,1.0,1.0,111,BsiePkp9bAc,most_paragraphs_outside_300_500_chars
0,0.9611085235211924,False,,5,0,0,0,True,6,454,389.5,193,scripts/ingestion/corpus/BtXOk3KUBd0,"[""single_source_requires_human_review""]",0.7,needs_review,False,0,54,54,0,0,165.07999999999998,2241,1.0,1.0,398,BtXOk3KUBd0,
0,0.9727463312368972,False,,5,0,0,0,True,1,250,250,250,scripts/ingestion/corpus/CKBwY7odu1E,"[""audio_only_or_silence""]",0.5,sound_only,False,0,1,1,0,0,27.84,250,1.0,1.0,100,CKBwY7odu1E,most_paragraphs_outside_300_500_chars
0,0.996135265700483,False,,5,0,0,0,True,3,478,388,370,scripts/ingestion/corpus/CNn_cuQsBh0,"[""single_source_requires_human_review""]",0.7,needs_review,False,0,16,16,0,0,82.47999999999999,1240,1.0,1.0,209,CNn_cuQsBh0,
0,0.0,False,,5,0,0,0,True,,,,,scripts/ingestion/corpus/COC9vdjMTlc,"[""dead_lettered"", ""quarantined_from_retrieval""]",0.0,dead_lettered,False,0,0,0,0,0,0.0,,,,,COC9vdjMTlc,
5,0.7745781484135772,False,,5,0,0,0,True,1,1543,1543,1543,scripts/ingestion/corpus/COmWEGiu9Hg,"[""low_speech_interval_coverage_estimate=0.775""]",0.5,needs_review,False,0,33,33,0,0,118.88999999999997,1543,1.0,1.0,263,COmWEGiu9Hg,most_paragraphs_outside_300_500_chars
0,0.8537082314588427,False,,5,0,0,0,True,1,764,764,764,scripts/ingestion/corpus/CQEGJ0OaIPo,"[""single_source_requires_human_review""]",0.7,needs_review,False,0,19,19,0,0,62.85,764,1.0,1.0,145,CQEGJ0OaIPo,most_paragraphs_outside_300_500_chars
0,0.9656526005888126,False,,5,0,0,0,True,3,564,416,120,scripts/ingestion/corpus/CZ_r5sYeTyY,"[""single_source_requires_human_review""]",0.7,needs_review,False,0,15,15,0,0,78.72,1104,1.0,1.0,203,CZ_r5sYeTyY,most_paragraphs_outside_300_500_chars
0,0.0,False,,5,0,0,0,True,,,,,scripts/ingestion/corpus/CfkyO8rGn2Y,"[""dead_lettered"", ""quarantined_from_retrieval""]",0.0,unavailable,False,0,0,0,0,0,0.0,,,,,CfkyO8rGn2Y,
1,0.9934543536617045,False,,5,0,0,0,True,2,388,310.5,233,scripts/ingestion/corpus/ClbKAXVvzzo,"[""single_source_requires_human_review""]",0.7,needs_review,False,0,11,11,0,0,2523.99,623,1.0,1.0,108,ClbKAXVvzzo,
0,0.0,False,,5,0,0,0,True,,,,,scripts/ingestion/corpus/CnCcYyJ8NTo,"[""dead_lettered"", ""quarantined_from_retrieval""]",0.0,unavailable,False,0,0,0,0,0,0.0,,,,,CnCcYyJ8NTo,
8,0.802861880488853,True,,5,0,0,0,True,29,794,448,242,scripts/ingestion/corpus/CrZuPkgwA6Q,"[""repetition_loop_detected: 'contains the seed of the' (count=4)""]",0.45,needs_review,True,0,166,166,0,0,1307.2999999999993,13952,1.0,1.0,2474,CrZuPkgwA6Q,
0,0.9281084266352386,False,,5,0,0,0,True,2,872,560.0,248,scripts/ingestion/corpus/CvDkoctU5a4,"[""single_source_requires_human_review""]",0.7,needs_review,False,0,13,13,0,0,94.49999999999999,1122,1.0,1.0,212,CvDkoctU5a4,most_paragraphs_outside_300_500_chars
0,0.0,False,,5,0,0,0,True,,,,,scripts/ingestion/corpus/D-RK1E9uoP8,"[""dead_lettered"", ""quarantined_from_retrieval""]",0.0,dead_lettered,False,0,0,0,0,0,0.0,,,,,D-RK1E9uoP8,
0,1.0,False,,5,0,0,0,True,1,218,218,218,scripts/ingestion/corpus/D9obnqNB4aI,"[""single_source_requires_human_review""]",0.7,needs_review,False,0,3,3,0,0,16.61,218,1.0,1.0,39,D9obnqNB4aI,most_paragraphs_outside_300_500_chars
33,0.9638252043315335,True,,5,0,0,0,True,12,670,396.5,101,scripts/ingestion/corpus/DBUJH5f6rjU,"[""repetition_loop_detected: 'Jeevan Mukthi is liberation from' (count=6)""]",0.45,needs_review,True,0,145,145,0,0,653.3000000000001,4819,1.0,1.0,821,DBUJH5f6rjU,
0,0.9203725961538461,False,,5,0,0,0,True,2,516,321.5,127,scripts/ingestion/corpus/DjybU3_lUnc,"[""single_source_requires_human_review""]",0.7,needs_review,False,0,16,16,0,0,61.260000000000005,645,1.0,1.0,103,DjybU3_lUnc,most_paragraphs_outside_300_500_chars
2,0.9544299618579369,True,,5,0,0,0,True,42,1172,440.5,365,scripts/ingestion/corpus/DmzZPgTh7_M,"[""repetition_loop_detected: 'Why can't I use anger' (count=4)""]",0.45,needs_review,True,0,335,335,0,0,1618.9899999999998,20298,1.0,1.0,3718,DmzZPgTh7_M,
0,0.9921112497248111,False,,5,0,0,0,True,9,484,388,287,scripts/ingestion/corpus/DnllMgFybyQ,"[""single_source_requires_human_review""]",0.7,needs_review,False,0,55,55,0,0,270.39000000000004,3578,1.0,1.0,725,DnllMgFybyQ,
0,0.9687746412237818,False,,5,0,0,0,True,7,476,385,118,scripts/ingestion/corpus/DqUafRyXy_0,"[""single_source_requires_human_review""]",0.7,needs_review,False,0,36,36,0,0,184.29,2569,1.0,1.0,462,DqUafRyXy_0,
0,0.9920655911134619,False,,5,0,0,0,True,1,267,267,267,scripts/ingestion/corpus/E-LCT0YEpWQ,"[""single_source_requires_human_review""]",0.7,needs_review,False,0,4,4,0,0,37.51,267,1.0,1.0,39,E-LCT0YEpWQ,most_paragraphs_outside_300_500_chars
3,0.9968589018720945,False,,5,0,0,0,True,2,1496,942.0,388,scripts/ingestion/corpus/E5FJYDruwjs,"[""single_source_requires_human_review""]",0.7,needs_review,False,0,44,44,0,0,158.68,1886,1.0,1.0,341,E5FJYDruwjs,
0,0.8381463303275885,False,,5,0,0,0,True,2,1375,746.5,118,scripts/ingestion/corpus/E8N04l1Lptk,"[""single_source_requires_human_review""]",0.7,needs_review,False,0,29,29,0,0,146.86000000000004,1495,1.0,1.0,265,E8N04l1Lptk,most_paragraphs_outside_300_500_chars
11,0.97067377605429,False,,5,0,0,0,True,5,485,403,229,scripts/ingestion/corpus/E9BYLwkGel8,"[""single_source_requires_human_review""]",0.7,needs_review,False,0,16,16,0,0,120.15,1935,1.0,1.0,340,E9BYLwkGel8,
2,1.0,False,,5,0,0,0,True,2,401,313.0,225,scripts/ingestion/corpus/EBBd2MOeOIU,"[""single_source_requires_human_review""]",0.7,needs_review,False,0,9,9,0,0,43.52,628,1.0,1.0,107,EBBd2MOeOIU,
2,0.9085779239231924,False,,5,0,0,0,True,5,1381,741,442,scripts/ingestion/corpus/ECFRWVY8SGY,"[""single_source_requires_human_review""]",0.7,needs_review,False,0,43,43,0,0,447.61999999999995,3955,1.0,1.0,764,ECFRWVY8SGY,most_paragraphs_outside_300_500_chars
1,0.9930375733234689,False,,5,0,0,0,True,21,560,401,204,scripts/ingestion/corpus/EFJZ2l5Rc10,"[""single_source_requires_human_review""]",0.7,needs_review,False,0,146,146,0,0,751.65,8835,1.0,1.0,1542,EFJZ2l5Rc10,
1,0.9458389309198896,False,,5,0,0,0,True,4,419,396.5,70,scripts/ingestion/corpus/ELiB_UwCVTY,"[""single_source_requires_human_review""]",0.7,needs_review,False,0,33,33,0,0,133.76999999999998,1288,1.0,1.0,242,ELiB_UwCVTY,
0,1.0,False,,5,0,0,0,True,1,346,346,346,scripts/ingestion/corpus/EThkIHrfXWo,"[""single_source_requires_human_review""]",0.7,needs_review,False,0,5,5,0,0,22.4,346,1.0,1.0,68,EThkIHrfXWo,
0,0.9809066194600747,False,,5,0,0,0,True,8,413,388.0,111,scripts/ingestion/corpus/EhY6npcnSs8,"[""single_source_requires_human_review""]",0.7,needs_review,False,0,47,47,0,0,310.3,2815,1.0,1.0,499,EhY6npcnSs8,
28,0.9882544363654854,False,,5,0,0,0,True,19,584,415,84,scripts/ingestion/corpus/Ejcq9mNGJk0,"[""single_source_requires_human_review""]",0.7,needs_review,False,0,151,151,0,0,583.08,7742,1.0,1.0,1253,Ejcq9mNGJk0,
1,0.9399330401102869,False,,5,0,0,0,True,4,407,376.5,344,scripts/ingestion/corpus/EpReLy7g6WM,"[""single_source_requires_human_review""]",0.7,needs_review,False,0,27,27,0,0,143.18,1510,1.0,1.0,258,EpReLy7g6WM,
1,0.7152229625832904,False,,5,0,0,0,True,2,405,315.0,225,scripts/ingestion/corpus/EwwciE_mxo8,"[""low_speech_interval_coverage_estimate=0.715""]",0.5,needs_review,False,0,9,9,0,0,69.76999999999998,632,1.0,1.0,108,EwwciE_mxo8,
0,0.0,False,,5,0,0,0,True,,,,,scripts/ingestion/corpus/EyIJaL1sfpc,"[""dead_lettered"", ""quarantined_from_retrieval""]",0.0,dead_lettered,False,0,0,0,0,0,0.0,,,,,EyIJaL1sfpc,
0,0.0,False,,5,0,0,0,True,,,,,scripts/ingestion/corpus/Ez7hzMHEs2I,"[""dead_lettered"", ""quarantined_from_retrieval""]",0.0,unavailable,False,0,0,0,0,0,0.0,,,,,Ez7hzMHEs2I,
0,1.0,False,,5,0,0,0,True,1,3,3,3,scripts/ingestion/corpus/Eznp9NU0Y4I,"[""single_source_requires_human_review""]",0.7,needs_review,False,0,1,1,0,0,2.0,3,1.0,1.0,1,Eznp9NU0Y4I,most_paragraphs_outside_300_500_chars
0,0.959265079173214,False,,5,0,0,0,True,4,397,376.5,122,scripts/ingestion/corpus/F-hNATzOz2I,"[""single_source_requires_human_review""]",0.7,needs_review,False,0,20,20,0,0,158.72,1278,1.0,1.0,226,F-hNATzOz2I,
0,0.999729912221472,False,,5,0,0,0,True,7,462,382,122,scripts/ingestion/corpus/F0kz4L2wB2A,"[""single_source_requires_human_review""]",0.7,needs_review,False,0,49,49,0,0,148.06,2504,1.0,1.0,491,F0kz4L2wB2A,
0,0.9833253930443067,True,,5,0,0,0,True,4,473,414.0,376,scripts/ingestion/corpus/F9Vo4fezmcE,"[""repetition_loop_detected: 'You will experience the divine' (count=4)""]",0.45,needs_review,True,0,23,23,0,0,144.48,1683,1.0,1.0,290,F9Vo4fezmcE,
0,0.9759385885692168,False,,5,0,0,0,True,5,463,443,70,scripts/ingestion/corpus/FP5O9F9JiOk,"[""single_source_requires_human_review""]",0.7,needs_review,False,0,25,25,0,0,151.29,1830,1.0,1.0,321,FP5O9F9JiOk,
0,1.0,False,,5,0,0,0,True,4,415,410.5,365,scripts/ingestion/corpus/FSwSt1omSD8,"[""single_source_requires_human_review""]",0.7,needs_review,False,0,17,17,0,0,112.62,1607,1.0,1.0,308,FSwSt1omSD8,
0,0.9215452899898334,False,,5,0,0,0,True,6,469,397.0,180,scripts/ingestion/corpus/FSxiSEV1iPY,"[""single_source_requires_human_review""]",0.7,needs_review,False,0,54,54,0,0,743.2999999999998,2223,1.0,1.0,407,FSxiSEV1iPY,
0,1.0,False,,5,0,0,0,True,1,295,295,295,scripts/ingestion/corpus/FYQHXDtlYX4,"[""single_source_requires_human_review""]",0.7,needs_review,False,0,4,4,0,0,31.42,295,1.0,1.0,52,FYQHXDtlYX4,most_paragraphs_outside_300_500_chars
0,1.0,False,,5,0,0,0,True,5,439,412,362,scripts/ingestion/corpus/F_yRNKupugs,"[""single_source_requires_human_review""]",0.7,needs_review,False,0,33,33,0,0,203.76,2042,1.0,1.0,356,F_yRNKupugs,
0,0.857445008460237,False,,5,0,0,0,True,2,441,431.0,421,scripts/ingestion/corpus/Fbd7ln2i9dw,"[""single_source_requires_human_review""]",0.7,needs_review,False,0,17,17,0,0,81.08000000000001,864,1.0,1.0,172,Fbd7ln2i9dw,
0,0.9929542847779781,False,,5,0,0,0,True,2,468,332.0,196,scripts/ingestion/corpus/Fn62UQTIMEk,"[""single_source_requires_human_review""]",0.7,needs_review,False,0,10,10,0,0,60.6,666,1.0,1.0,116,Fn62UQTIMEk,
0,0.9988352745424293,False,,5,0,0,0,True,6,444,386.0,244,scripts/ingestion/corpus/FoTH9BWP2gg,"[""single_source_requires_human_review""]",0.7,needs_review,False,0,44,44,0,0,180.09,2245,1.0,1.0,401,FoTH9BWP2gg,
1,0.9474993092014367,False,,5,0,0,0,True,4,446,385.5,204,scripts/ingestion/corpus/G1fWNIazj5U,"[""single_source_requires_human_review""]",0.7,needs_review,False,0,17,17,0,0,137.15999999999997,1427,1.0,1.0,252,G1fWNIazj5U,
10,0.9979101358411703,False,,5,0,0,0,True,8,532,399.5,79,scripts/ingestion/corpus/GBlHpCkYYgc,"[""single_source_requires_human_review""]",0.7,needs_review,False,0,43,43,0,0,238.75,3102,1.0,1.0,547,GBlHpCkYYgc,
0,0.9840334333476212,False,,5,0,0,0,True,3,555,396,249,scripts/ingestion/corpus/GICjcQQ0aM0,"[""single_source_requires_human_review""]",0.7,needs_review,False,0,17,17,0,0,91.83,1204,1.0,1.0,205,GICjcQQ0aM0,most_paragraphs_outside_300_500_chars
3,0.8793069109739097,False,,5,0,0,0,True,2,367,259.0,151,scripts/ingestion/corpus/GQZ7A4fvts4,"[""single_source_requires_human_review""]",0.7,needs_review,False,0,8,8,0,0,44.150000000000006,520,1.0,1.0,93,GQZ7A4fvts4,
0,0.9978814772401946,True,,5,0,0,0,True,5,388,366,312,scripts/ingestion/corpus/GTLqZPVojgI,"[""repetition_loop_detected: 'Who is the new you' (count=6)""]",0.45,needs_review,True,0,29,29,0,0,174.28,1812,1.0,1.0,354,GTLqZPVojgI,
0,0.0,False,,5,0,0,0,True,,,,,scripts/ingestion/corpus/GWiiejeyAR8,"[""dead_lettered"", ""quarantined_from_retrieval""]",0.0,dead_lettered,False,0,0,0,0,0,0.0,,,,,GWiiejeyAR8,
0,0.7668593448940269,False,,5,0,0,0,True,1,834,834,834,scripts/ingestion/corpus/G_soqEsZRU8,"[""low_speech_interval_coverage_estimate=0.767""]",0.85,trusted_after_review,False,0,24,24,0,0,75.61999999999999,834,1.0,1.0,146,G_soqEsZRU8,most_paragraphs_outside_300_500_chars
0,0.0,False,,5,0,0,0,True,,,,,scripts/ingestion/corpus/GaSK6rscIgA,"[""dead_lettered"", ""quarantined_from_retrieval""]",0.0,dead_lettered,False,0,0,0,0,0,0.0,,,,,GaSK6rscIgA,
0,0.9958776486107676,False,,5,0,0,0,True,8,497,390.0,80,scripts/ingestion/corpus/Gae2J6ExMsY,"[""single_source_requires_human_review""]",0.7,needs_review,False,0,62,62,0,0,241.58,2944,1.0,1.0,526,Gae2J6ExMsY,
0,0.9980539067821348,False,,5,0,0,0,True,5,470,366,32,scripts/ingestion/corpus/Gdd-5uWUW5w,"[""single_source_requires_human_review""]",0.7,needs_review,False,0,27,27,0,0,205.14,1687,1.0,1.0,288,Gdd-5uWUW5w,
0,0.8687274322545813,False,,5,0,0,0,True,3,1762,1447,658,scripts/ingestion/corpus/GfAMCHC6_ek,"[""single_source_requires_human_review""]",0.7,needs_review,False,0,65,65,0,0,257.43000000000006,3871,1.0,1.0,732,GfAMCHC6_ek,most_paragraphs_outside_300_500_chars
0,0.0,False,,5,0,0,0,True,,,,,scripts/ingestion/corpus/GsEMHzvDq5M,"[""dead_lettered"", ""quarantined_from_retrieval""]",0.0,dead_lettered,False,0,0,0,0,0,0.0,,,,,GsEMHzvDq5M,
4,0.9626384629826648,False,,5,0,0,0,True,6,448,419.0,382,scripts/ingestion/corpus/Gt3o8lcbcII,"[""single_source_requires_human_review""]",0.7,needs_review,False,0,22,22,0,0,153.82,2501,1.0,1.0,458,Gt3o8lcbcII,
2,0.9992972593113142,False,,5,0,0,0,True,1,1481,1481,1481,scripts/ingestion/corpus/Gv3w2uNCo2o,"[""single_source_requires_human_review""]",0.7,needs_review,False,0,17,17,0,0,113.76,1481,1.0,1.0,273,Gv3w2uNCo2o,most_paragraphs_outside_300_500_chars
0,0.9630094043887147,False,,5,0,0,0,True,5,458,374,155,scripts/ingestion/corpus/Gw4Ng9FKJyY,"[""single_source_requires_human_review""]",0.7,needs_review,False,0,22,22,0,0,122.88,1765,1.0,1.0,297,Gw4Ng9FKJyY,
0,0.8526666666666666,False,,5,0,0,0,True,1,389,389,389,scripts/ingestion/corpus/H4paK9NPSoc,"[""single_source_requires_human_review""]",0.7,needs_review,False,0,7,7,0,0,38.37,389,1.0,1.0,71,H4paK9NPSoc,
1,0.9789652247667515,False,,5,0,0,0,True,3,460,373,94,scripts/ingestion/corpus/H7N4PSoJZMU,"[""single_source_requires_human_review""]",0.7,needs_review,False,0,23,23,0,0,57.71000000000001,931,1.0,1.0,163,H7N4PSoJZMU,
2,1.0,False,,5,0,0,0,True,2,430,355.5,281,scripts/ingestion/corpus/H9A7Olg_QCo,"[""single_source_requires_human_review""]",0.7,needs_review,False,0,9,9,0,0,50.96,713,1.0,1.0,119,H9A7Olg_QCo,
0,0.9406897422940882,True,,5,0,0,0,True,11,716,440,176,scripts/ingestion/corpus/HCs6I_BNtxo,"[""repetition_loop_detected: 'move into a state of' (count=4)""]",0.45,needs_review,True,0,55,55,0,0,297.86000000000007,5038,1.0,1.0,940,HCs6I_BNtxo,
0,0.9875176636834667,False,,5,0,0,0,True,7,537,380,314,scripts/ingestion/corpus/HELtP96Dd4w,"[""single_source_requires_human_review""]",0.7,needs_review,False,0,68,68,0,0,251.57999999999998,2766,1.0,1.0,441,HELtP96Dd4w,
3,0.951975236752582,False,,5,0,0,0,True,6,808,566.5,282,scripts/ingestion/corpus/HKjzpPlfvc8,"[""single_source_requires_human_review""]",0.7,needs_review,False,0,35,35,0,0,310.62,3274,1.0,1.0,556,HKjzpPlfvc8,most_paragraphs_outside_300_500_chars
0,0.853336995330953,False,,5,0,0,0,True,1,374,374,374,scripts/ingestion/corpus/HLTISkkGbUI,"[""single_source_requires_human_review""]",0.7,needs_review,False,0,3,3,0,0,31.069999999999997,374,1.0,1.0,66,HLTISkkGbUI,
0,0.9494393205493997,False,,5,0,0,0,True,2,1347,904.5,462,scripts/ingestion/corpus/HTcbWPN1xxY,"[""audio_only_or_silence""]",0.5,sound_only,False,0,53,53,0,0,143.09000000000003,1811,1.0,1.0,607,HTcbWPN1xxY,
0,0.9614985590778098,False,,5,0,0,0,True,2,381,356.0,331,scripts/ingestion/corpus/HZIuHUGmnGY,"[""single_source_requires_human_review""]",0.7,needs_review,False,0,12,12,0,0,83.41,714,1.0,1.0,124,HZIuHUGmnGY,
1,0.9887479642698515,False,,5,0,0,0,True,8,499,380.0,109,scripts/ingestion/corpus/H_uhawaiO3E,"[""single_source_requires_human_review""]",0.7,needs_review,False,0,40,40,0,0,400.7,2910,1.0,1.0,512,H_uhawaiO3E,
0,1.0,False,,5,0,0,0,True,1,421,421,421,scripts/ingestion/corpus/Hdr5IXNmRUE,"[""single_source_requires_human_review""]",0.7,needs_review,False,0,6,6,0,0,32.9,421,1.0,1.0,67,Hdr5IXNmRUE,
0,1.0,False,,5,0,0,0,True,1,439,439,439,scripts/ingestion/corpus/HfS2relUTFg,"[""single_source_requires_human_review""]",0.7,needs_review,False,0,6,6,0,0,35.84,439,1.0,1.0,75,HfS2relUTFg,
0,1.0,False,,5,0,0,0,True,3,509,420,194,scripts/ingestion/corpus/Hfj0c6-vUiY,"[""single_source_requires_human_review""]",0.7,needs_review,False,0,7,7,0,0,75.46,1127,1.0,1.0,214,Hfj0c6-vUiY,most_paragraphs_outside_300_500_chars
2,1.0,False,,5,0,0,0,True,8,479,410.5,203,scripts/ingestion/corpus/HpoWKtIcTcw,"[""single_source_requires_human_review""]",0.7,needs_review,False,0,45,45,0,0,232.46,3093,1.0,1.0,533,HpoWKtIcTcw,
9,0.9884566414579147,False,,5,0,0,0,True,28,559,425.0,281,scripts/ingestion/corpus/HtmLQkxj8ec,"[""single_source_requires_human_review""]",0.7,needs_review,False,0,127,127,0,0,1288.73,11976,1.0,1.0,2140,HtmLQkxj8ec,
0,0.8675213675213675,False,,5,0,0,0,True,1,215,215,215,scripts/ingestion/corpus/I6yC-aUQUvw,"[""single_source_requires_human_review""]",0.7,needs_review,False,0,6,6,0,0,22.33,215,1.0,1.0,39,I6yC-aUQUvw,most_paragraphs_outside_300_500_chars
2,0.9828828828828828,False,,5,0,0,0,True,7,509,414,210,scripts/ingestion/corpus/IGryscyFmV8,"[""single_source_requires_human_review""]",0.7,needs_review,False,0,35,35,0,0,240.01999999999998,2775,1.0,1.0,493,IGryscyFmV8,
0,0.9625695950629428,False,,5,0,0,0,True,9,1254,578,366,scripts/ingestion/corpus/IaOyZ0KPlUU,"[""single_source_requires_human_review""]",0.7,needs_review,False,0,63,63,0,0,430.48999999999995,5717,1.0,1.0,1034,IaOyZ0KPlUU,most_paragraphs_outside_300_500_chars
0,0.9991927753392865,False,,5,0,0,0,True,4,800,591.5,423,scripts/ingestion/corpus/IbOoMlXlzjY,"[""single_source_requires_human_review""]",0.7,needs_review,False,0,31,31,0,0,198.04999999999998,2412,1.0,1.0,435,IbOoMlXlzjY,most_paragraphs_outside_300_500_chars
0,1.0,False,,5,0,0,0,True,1,1108,1108,1108,scripts/ingestion/corpus/IjZkoyk7T14,"[""single_source_requires_human_review""]",0.7,needs_review,False,0,13,13,0,0,76.51,1108,1.0,1.0,187,IjZkoyk7T14,most_paragraphs_outside_300_500_chars
0,1.0,False,,5,0,0,0,True,3,445,399,395,scripts/ingestion/corpus/Ip7C7KJBxBk,"[""single_source_requires_human_review""]",0.7,needs_review,False,0,30,30,0,0,88.92,1243,1.0,1.0,219,Ip7C7KJBxBk,
1,0.8389223813112284,False,,5,0,0,0,True,2,650,511.5,373,scripts/ingestion/corpus/J81diFHJqWw,"[""single_source_requires_human_review""]",0.7,needs_review,False,0,12,12,0,0,89.06,1025,1.0,1.0,168,J81diFHJqWw,
0,0.8481825866441252,False,,5,0,0,0,True,1,561,561,561,scripts/ingestion/corpus/JLN3i1y6_Dk,"[""single_source_requires_human_review""]",0.7,needs_review,False,0,6,6,0,0,50.17,561,1.0,1.0,104,JLN3i1y6_Dk,most_paragraphs_outside_300_500_chars
2,0.9998131423232638,False,,5,0,0,0,True,14,668,507.0,344,scripts/ingestion/corpus/JRX5W9AhWoA,"[""single_source_requires_human_review""]",0.7,needs_review,False,0,124,124,0,0,1284.16,6946,1.0,1.0,1263,JRX5W9AhWoA,most_paragraphs_outside_300_500_chars
0,0.9654703328509406,True,,5,0,0,0,True,6,403,380.0,332,scripts/ingestion/corpus/JRlaAip4kmk,"[""repetition_loop_detected: 'I am at peace with' (count=6)""]",0.45,needs_review,True,0,91,91,0,0,667.14,2264,1.0,1.0,422,JRlaAip4kmk,
0,0.7464983838694782,True,,5,0,0,0,True,1,2172,2172,2172,scripts/ingestion/corpus/JYqlxlBZHc4,"[""low_speech_interval_coverage_estimate=0.746"", ""repetition_loop_detected: 'You'll be able to create' (count=4)""]",0.45,needs_review,True,0,42,42,0,0,145.5,2172,1.0,1.0,417,JYqlxlBZHc4,most_paragraphs_outside_300_500_chars
0,0.9998400127989762,False,,5,0,0,0,True,4,371,368.0,327,scripts/ingestion/corpus/Ji-hdW1t30g,"[""single_source_requires_human_review""]",0.7,needs_review,False,0,26,26,0,0,124.99000000000001,1440,1.0,1.0,289,Ji-hdW1t30g,
12,0.9974025974025974,False,,5,0,0,0,True,14,415,367.0,340,scripts/ingestion/corpus/Ji7Zy_tDFQ4,"[""single_source_requires_human_review""]",0.7,needs_review,False,0,102,102,0,0,403.2,5278,1.0,1.0,1034,Ji7Zy_tDFQ4,
0,0.9146945514584481,False,,5,0,0,0,True,2,398,279.0,160,scripts/ingestion/corpus/Js7ongWaW64,"[""single_source_requires_human_review""]",0.7,needs_review,False,0,4,4,0,0,49.86000000000001,560,1.0,1.0,104,Js7ongWaW64,
0,0.9631604459524963,False,,5,0,0,0,True,1,453,453,453,scripts/ingestion/corpus/JsTTRgk_8Hc,"[""single_source_requires_human_review""]",0.7,needs_review,False,0,5,5,0,0,39.739999999999995,453,1.0,1.0,85,JsTTRgk_8Hc,
0,1.0,False,,5,0,0,0,True,9,435,390,39,scripts/ingestion/corpus/JwMlR98BgrI,"[""single_source_requires_human_review""]",0.7,needs_review,False,0,44,44,0,0,261.06,3244,1.0,1.0,594,JwMlR98BgrI,
0,0.9592205573080966,False,,5,0,0,0,True,5,1269,666,67,scripts/ingestion/corpus/K-AFDVOkIoE,"[""single_source_requires_human_review""]",0.7,needs_review,False,0,34,34,0,0,291.90999999999997,3100,1.0,1.0,542,K-AFDVOkIoE,most_paragraphs_outside_300_500_chars
2,0.9443561208267091,False,,5,0,0,0,True,2,509,401.5,294,scripts/ingestion/corpus/K2yXX6uhGFE,"[""single_source_requires_human_review""]",0.7,needs_review,False,0,14,14,0,0,59.4,805,1.0,1.0,154,K2yXX6uhGFE,most_paragraphs_outside_300_500_chars
0,0.9835029293863706,False,,5,0,0,0,True,3,436,367,76,scripts/ingestion/corpus/KB_rdqB-sVw,"[""single_source_requires_human_review""]",0.7,needs_review,False,0,12,12,0,0,63.79,883,1.0,1.0,148,KB_rdqB-sVw,
0,0.9953208223405844,False,,5,0,0,0,True,5,424,401,192,scripts/ingestion/corpus/KN0XZBa7K4Y,"[""single_source_requires_human_review""]",0.7,needs_review,False,0,47,47,0,0,199.95,1800,1.0,1.0,332,KN0XZBa7K4Y,
1,0.8875534105929731,False,,5,0,0,0,True,5,887,662,420,scripts/ingestion/corpus/KTe11DlB4QI,"[""single_source_requires_human_review""]",0.7,needs_review,False,0,37,37,0,0,288.7300000000001,3342,1.0,1.0,600,KTe11DlB4QI,most_paragraphs_outside_300_500_chars
2,0.9769876952200663,False,,5,0,0,0,True,7,453,400,50,scripts/ingestion/corpus/KTlY-lHs_Ew,"[""single_source_requires_human_review""]",0.7,needs_review,False,0,29,29,0,0,165.15,2534,1.0,1.0,461,KTlY-lHs_Ew,
0,0.0,False,,5,0,0,0,True,,,,,scripts/ingestion/corpus/Khxy7onLOnE,"[""dead_lettered"", ""quarantined_from_retrieval""]",0.0,unavailable,False,0,0,0,0,0,0.0,,,,,Khxy7onLOnE,
0,0.0,False,,5,0,0,0,True,,,,,scripts/ingestion/corpus/L09zAtTcwes,"[""dead_lettered"", ""quarantined_from_retrieval""]",0.0,unavailable,False,0,0,0,0,0,0.0,,,,,L09zAtTcwes,
0,0.8734466142531068,False,,5,0,0,0,True,5,451,365,64,scripts/ingestion/corpus/L4876a9aakw,"[""single_source_requires_human_review""]",0.7,needs_review,False,0,41,41,0,0,137.76,1683,1.0,1.0,309,L4876a9aakw,
0,0.9726691098826016,False,,5,0,0,0,True,5,447,384,359,scripts/ingestion/corpus/LFTx6ZYMZ1g,"[""single_source_requires_human_review""]",0.7,needs_review,False,0,36,36,0,0,156.59000000000003,1987,1.0,1.0,370,LFTx6ZYMZ1g,
0,0.9963805584281282,False,,5,0,0,0,True,2,501,450.0,399,scripts/ingestion/corpus/LGkdzRl08vo,"[""single_source_requires_human_review""]",0.7,needs_review,False,0,12,12,0,0,57.81,902,1.0,1.0,162,LGkdzRl08vo,
0,0.0,False,,5,0,0,0,True,,,,,scripts/ingestion/corpus/LKM-M3C8Tv4,"[""dead_lettered"", ""quarantined_from_retrieval""]",0.0,dead_lettered,False,0,0,0,0,0,0.0,,,,,LKM-M3C8Tv4,
0,0.9611045449661546,False,,5,0,0,0,True,2,1056,743.0,430,scripts/ingestion/corpus/LLhU1ptXDp0,"[""single_source_requires_human_review""]",0.7,needs_review,False,0,17,17,0,0,89.45,1488,1.0,1.0,230,LLhU1ptXDp0,
0,0.8784300104202848,False,,5,0,0,0,True,2,362,302.5,243,scripts/ingestion/corpus/LOsAzhRwUIk,"[""single_source_requires_human_review""]",0.7,needs_review,False,0,14,14,0,0,50.58,607,1.0,1.0,115,LOsAzhRwUIk,
0,1.0,False,,5,0,0,0,True,1,221,221,221,scripts/ingestion/corpus/LYm7oczfWEk,"[""single_source_requires_human_review""]",0.7,needs_review,False,0,4,4,0,0,16.9,221,1.0,1.0,40,LYm7oczfWEk,most_paragraphs_outside_300_500_chars
0,0.9994509265614275,False,,5,0,0,0,True,8,891,396.0,65,scripts/ingestion/corpus/LZQ4PvoArC8,"[""single_source_requires_human_review""]",0.7,needs_review,False,0,56,56,0,0,291.23999999999995,3369,1.0,1.0,541,LZQ4PvoArC8,
2,0.8116824127906976,True,,5,0,0,0,True,2,853,644.5,436,scripts/ingestion/corpus/LapJqYf9hzI,"[""repetition_loop_detected: 'Why is there so much' (count=4)""]",0.45,needs_review,True,0,25,25,0,0,89.35,1291,1.0,1.0,222,LapJqYf9hzI,
2,0.9158672490509041,False,,5,0,0,0,True,5,1377,739,467,scripts/ingestion/corpus/Lm-5gKTKD7Y,"[""single_source_requires_human_review""]",0.7,needs_review,False,0,43,43,0,0,448.71999999999997,3953,1.0,1.0,767,Lm-5gKTKD7Y,most_paragraphs_outside_300_500_chars
0,0.0,False,,5,0,0,0,True,,,,,scripts/ingestion/corpus/Ln-4oxqStJI,"[""dead_lettered"", ""quarantined_from_retrieval""]",0.0,dead_lettered,False,0,0,0,0,0,0.0,,,,,Ln-4oxqStJI,
0,0.0,False,,5,0,0,0,True,,,,,scripts/ingestion/corpus/LpX01AXN5iM,"[""dead_lettered"", ""quarantined_from_retrieval""]",0.0,unavailable,False,0,0,0,0,0,0.0,,,,,LpX01AXN5iM,
0,0.9057383030267651,False,,5,0,0,0,True,9,438,392,184,scripts/ingestion/corpus/LpqjenfvWzQ,"[""single_source_requires_human_review""]",0.7,needs_review,False,0,88,88,0,0,620.63,3361,1.0,1.0,591,LpqjenfvWzQ,
0,0.9117490696438064,False,,5,0,0,0,True,1,396,396,396,scripts/ingestion/corpus/LrMyaDh_MSo,"[""single_source_requires_human_review""]",0.7,needs_review,False,0,5,5,0,0,34.3,396,1.0,1.0,70,LrMyaDh_MSo,
4,0.9534084102072601,True,,5,0,0,0,True,46,554,392.0,225,scripts/ingestion/corpus/Lst4MvxPCx4,"[""repetition_loop_detected: 'We are a civilization of' (count=4)""]",0.45,needs_review,True,0,362,362,0,0,1591.6200000000001,18685,1.0,1.0,3448,Lst4MvxPCx4,
0,0.0,False,,5,0,0,0,True,,,,,scripts/ingestion/corpus/LzPKkAnAtjk,"[""dead_lettered"", ""quarantined_from_retrieval""]",0.0,unavailable,False,0,0,0,0,0,0.0,,,,,LzPKkAnAtjk,
0,0.9892519719164428,False,,5,0,0,0,True,3,427,419,366,scripts/ingestion/corpus/M6MJzzFKoPg,"[""single_source_requires_human_review""]",0.7,needs_review,False,0,38,38,0,0,114.13000000000001,1216,1.0,1.0,216,M6MJzzFKoPg,
1,0.9310618550406058,False,,5,0,0,0,True,9,616,437,75,scripts/ingestion/corpus/M6NGzhww27o,"[""single_source_requires_human_review""]",0.7,needs_review,False,0,58,58,0,0,304.96000000000004,3732,1.0,1.0,698,M6NGzhww27o,
2,0.9953777494421421,False,,5,0,0,0,True,8,508,374.0,175,scripts/ingestion/corpus/M7ItOHTrvz8,"[""single_source_requires_human_review""]",0.7,needs_review,False,0,63,63,0,0,249.79999999999998,2936,1.0,1.0,529,M7ItOHTrvz8,
1,0.9951055611408011,False,,5,0,0,0,True,8,413,369.0,129,scripts/ingestion/corpus/M8XASiz30oE,"[""single_source_requires_human_review""]",0.7,needs_review,False,0,55,55,0,0,376.13,2797,1.0,1.0,519,M8XASiz30oE,
0,0.0,False,,5,0,0,0,True,,,,,scripts/ingestion/corpus/MAwd31cafVg,"[""dead_lettered"", ""quarantined_from_retrieval""]",0.0,dead_lettered,False,0,0,0,0,0,0.0,,,,,MAwd31cafVg,
0,1.0,False,,5,0,0,0,True,1,788,788,788,scripts/ingestion/corpus/MIF1XIgr-IQ,"[""single_source_requires_human_review""]",0.7,needs_review,False,0,10,10,0,0,46.26,788,1.0,1.0,148,MIF1XIgr-IQ,most_paragraphs_outside_300_500_chars
0,1.0,False,,5,0,0,0,True,3,388,364,116,scripts/ingestion/corpus/MJYpyUlwxg0,"[""single_source_requires_human_review""]",0.7,needs_review,False,0,15,15,0,0,111.07,872,1.0,1.0,147,MJYpyUlwxg0,
2,0.9638716477339268,False,,5,0,0,0,True,5,558,385,379,scripts/ingestion/corpus/MKOAMUmZ-RA,"[""single_source_requires_human_review""]",0.7,needs_review,False,0,33,33,0,0,164.61,2101,1.0,1.0,386,MKOAMUmZ-RA,
1,0.8695652173913044,True,,5,0,0,0,True,4,785,563.5,523,scripts/ingestion/corpus/MX7tos4L1jQ,"[""repetition_loop_detected: 'அன்னிக்கு அன்னிக்கு அன்னிக்கு அன்னிக்கு அன்னிக்' (count=4)""]",0.45,needs_review,True,0,48,48,0,0,248.40000000000003,2441,1.0,1.0,868,MX7tos4L1jQ,most_paragraphs_outside_300_500_chars
6,0.9579586330935252,False,,5,0,0,0,True,3,581,510,431,scripts/ingestion/corpus/M_BYTcsLQuY,"[""single_source_requires_human_review""]",0.7,needs_review,False,0,18,18,0,0,213.05,1526,1.0,1.0,276,M_BYTcsLQuY,most_paragraphs_outside_300_500_chars
0,1.0,False,,5,0,0,0,True,2,377,271.0,165,scripts/ingestion/corpus/Maa5lwwHNrU,"[""single_source_requires_human_review""]",0.7,needs_review,False,0,11,11,0,0,51.37,544,1.0,1.0,94,Maa5lwwHNrU,
18,0.9676623960302168,True,,5,0,0,0,True,35,609,404,214,scripts/ingestion/corpus/MmiI3xo5Ju4,"[""repetition_loop_detected: 'the children of the world' (count=5)""]",0.45,needs_review,True,0,347,347,0,0,3143.4900000000002,14498,1.0,1.0,2552,MmiI3xo5Ju4,
0,0.9813595267328943,False,,5,0,0,0,True,4,557,383.0,24,scripts/ingestion/corpus/Mr1cjAz2y9I,"[""single_source_requires_human_review""]",0.7,needs_review,False,0,27,27,0,0,175.84,1353,1.0,1.0,250,Mr1cjAz2y9I,
5,0.7992484703378556,False,,5,0,0,0,True,11,474,421,177,scripts/ingestion/corpus/Mrngwfko5kk,"[""low_speech_interval_coverage_estimate=0.799""]",0.5,needs_review,False,0,158,158,0,0,240.34999999999997,4389,1.0,1.0,808,Mrngwfko5kk,
0,1.0,False,,5,0,0,0,True,1,380,380,380,scripts/ingestion/corpus/MuxETIn04F8,"[""single_source_requires_human_review""]",0.7,needs_review,False,0,8,8,0,0,31.02,380,1.0,1.0,62,MuxETIn04F8,
5,1.0,False,,5,0,0,0,True,3,421,358,296,scripts/ingestion/corpus/N0EoDEdWKA4,"[""single_source_requires_human_review""]",0.7,needs_review,False,0,17,17,0,0,75.08,1079,1.0,1.0,181,N0EoDEdWKA4,
0,0.9535088104758976,False,,5,0,0,0,True,5,452,415,315,scripts/ingestion/corpus/N8aw4NAR62c,"[""single_source_requires_human_review""]",0.7,needs_review,False,0,48,48,0,0,216.99,1997,1.0,1.0,370,N8aw4NAR62c,
0,1.0,False,,5,0,0,0,True,6,515,405.5,83,scripts/ingestion/corpus/NJQ573JDmAg,"[""single_source_requires_human_review""]",0.7,needs_review,False,0,37,37,0,0,199.31,2227,1.0,1.0,384,NJQ573JDmAg,
7,0.9413412356905091,False,,5,0,0,0,True,9,412,384,233,scripts/ingestion/corpus/NMjYsvaOOQM,"[""single_source_requires_human_review""]",0.7,needs_review,False,0,48,48,0,0,231.89000000000001,3332,1.0,1.0,599,NMjYsvaOOQM,
0,0.9190604665926043,False,,5,0,0,0,True,2,421,387.0,353,scripts/ingestion/corpus/NWrTrDIQ9XE,"[""single_source_requires_human_review""]",0.7,needs_review,False,0,10,10,0,0,57.91,776,1.0,1.0,134,NWrTrDIQ9XE,
2,0.9903303787268333,False,,5,0,0,0,True,3,531,453,294,scripts/ingestion/corpus/NdmpvgZI4II,"[""single_source_requires_human_review""]",0.7,needs_review,False,0,29,29,0,0,86.03000000000002,1282,1.0,1.0,257,NdmpvgZI4II,most_paragraphs_outside_300_500_chars
0,0.9702859278639506,False,,5,0,0,0,True,2,1014,740.0,466,scripts/ingestion/corpus/Nq2VYAIQyCs,"[""single_source_requires_human_review""]",0.7,needs_review,False,0,19,19,0,0,103.83999999999999,1482,1.0,1.0,270,Nq2VYAIQyCs,
0,0.9897458760588498,False,,5,0,0,0,True,2,355,244.5,134,scripts/ingestion/corpus/Nq8BntIZb40,"[""single_source_requires_human_review""]",0.7,needs_review,False,0,7,7,0,0,44.4,491,1.0,1.0,78,Nq8BntIZb40,
0,0.9387553180963686,False,,5,0,0,0,True,3,1269,651,485,scripts/ingestion/corpus/O1VkNuEChD4,"[""single_source_requires_human_review""]",0.7,needs_review,False,0,27,27,0,0,189.75999999999993,2409,1.0,1.0,464,O1VkNuEChD4,most_paragraphs_outside_300_500_chars
0,0.0,False,,5,0,0,0,True,,,,,scripts/ingestion/corpus/O4YQRVeyl6I,"[""dead_lettered"", ""quarantined_from_retrieval""]",0.0,unavailable,False,0,0,0,0,0,0.0,,,,,O4YQRVeyl6I,
1,0.9369247428262047,False,,5,0,0,0,True,3,749,390,373,scripts/ingestion/corpus/O4c1bnnwSzU,"[""single_source_requires_human_review""]",0.7,needs_review,False,0,23,23,0,0,103.83,1516,1.0,1.0,290,O4c1bnnwSzU,
0,0.0,False,,5,0,0,0,True,,,,,scripts/ingestion/corpus/O8iewlvGRN0,"[""dead_lettered"", ""quarantined_from_retrieval""]",0.0,unavailable,False,0,0,0,0,0,0.0,,,,,O8iewlvGRN0,
0,0.9917528655297737,False,,5,0,0,0,True,2,389,301.5,214,scripts/ingestion/corpus/OLPF727ETSg,"[""single_source_requires_human_review""]",0.7,needs_review,False,0,11,11,0,0,70.95000000000002,605,1.0,1.0,108,OLPF727ETSg,
3,0.9818585276599058,False,,5,0,0,0,True,6,426,377.5,357,scripts/ingestion/corpus/OWMBvMlGWTA,"[""single_source_requires_human_review""]",0.7,needs_review,False,0,38,38,0,0,252.21,2318,1.0,1.0,406,OWMBvMlGWTA,
3,0.993596642272923,False,,5,0,0,0,True,1,1252,1252,1252,scripts/ingestion/corpus/OWXe9v7PHDs,"[""single_source_requires_human_review""]",0.7,needs_review,False,0,37,37,0,0,184.65,1252,1.0,1.0,268,OWXe9v7PHDs,most_paragraphs_outside_300_500_chars
0,0.9983857949959645,True,,5,0,0,0,True,3,371,366,149,scripts/ingestion/corpus/OZiElH5pKmo,"[""repetition_loop_detected: 'I am with Ekam for' (count=5)""]",0.45,needs_review,True,0,23,23,0,0,74.22,890,1.0,1.0,182,OZiElH5pKmo,
0,0.8640558742828639,False,,5,0,0,0,True,2,533,398.5,264,scripts/ingestion/corpus/OaTrIaFLG6M,"[""single_source_requires_human_review""]",0.7,needs_review,False,0,13,13,0,0,69.28000000000003,799,1.0,1.0,142,OaTrIaFLG6M,most_paragraphs_outside_300_500_chars
0,0.992787410753315,False,,5,0,0,0,True,10,533,414.5,361,scripts/ingestion/corpus/Oc5ar2g2rnI,"[""single_source_requires_human_review""]",0.7,needs_review,False,0,62,62,0,0,408.81,4333,1.0,1.0,729,Oc5ar2g2rnI,
0,1.0,False,,5,0,0,0,True,1,414,414,414,scripts/ingestion/corpus/OnAAtrwsfOc,"[""single_source_requires_human_review""]",0.7,needs_review,False,0,6,6,0,0,40.26,414,1.0,1.0,73,OnAAtrwsfOc,
0,0.0,False,,5,0,0,0,True,,,,,scripts/ingestion/corpus/OoH2peWBDEY,"[""dead_lettered"", ""quarantined_from_retrieval""]",0.0,dead_lettered,False,0,0,0,0,0,0.0,,,,,OoH2peWBDEY,
0,0.9206214689265534,False,,5,0,0,0,True,4,454,387.5,329,scripts/ingestion/corpus/OrydPLvNKmI,"[""single_source_requires_human_review""]",0.7,needs_review,False,0,28,28,0,0,130.35999999999996,1564,1.0,1.0,275,OrydPLvNKmI,
0,0.6200799115871801,False,,5,0,0,0,True,3,509,377,66,scripts/ingestion/corpus/OuDAdSnFtbw,"[""low_speech_interval_coverage_estimate=0.620""]",0.5,needs_review,False,0,12,12,0,0,72.94,956,1.0,1.0,177,OuDAdSnFtbw,most_paragraphs_outside_300_500_chars
0,0.9384308510638298,False,,5,0,0,0,True,2,468,425.0,382,scripts/ingestion/corpus/Oy-j2w6haoA,"[""single_source_requires_human_review""]",0.7,needs_review,False,0,10,10,0,0,70.57000000000001,852,1.0,1.0,145,Oy-j2w6haoA,
0,0.0,False,,5,0,0,0,True,,,,,scripts/ingestion/corpus/OzKHRjr8nt8,"[""dead_lettered"", ""quarantined_from_retrieval""]",0.0,unavailable,False,0,0,0,0,0,0.0,,,,,OzKHRjr8nt8,
2,1.0,False,,5,0,0,0,True,1,544,544,544,scripts/ingestion/corpus/OzgA9wYM6Oc,"[""single_source_requires_human_review""]",0.7,needs_review,False,0,5,5,0,0,47.82,544,1.0,1.0,99,OzgA9wYM6Oc,most_paragraphs_outside_300_500_chars
1,0.825942066136888,False,,5,0,0,0,True,2,452,343.0,234,scripts/ingestion/corpus/P6gff20GmPQ,"[""single_source_requires_human_review""]",0.7,needs_review,False,0,12,12,0,0,96.66000000000001,688,1.0,1.0,124,P6gff20GmPQ,
0,0.8500345542501725,False,,5,0,0,0,True,3,416,389,207,scripts/ingestion/corpus/PFNP4c1cOSI,"[""single_source_requires_human_review""]",0.7,needs_review,False,0,21,21,0,0,73.79999999999997,1016,1.0,1.0,168,PFNP4c1cOSI,
3,0.8657783555411115,False,,5,0,0,0,True,4,1038,652.5,397,scripts/ingestion/corpus/PLVPL1dXKc0,"[""single_source_requires_human_review""]",0.7,needs_review,False,0,43,43,0,0,159.84,2746,1.0,1.0,516,PLVPL1dXKc0,
0,0.9594336283185839,False,,5,0,0,0,True,6,451,394.0,321,scripts/ingestion/corpus/PNH5hdUnXks,"[""single_source_requires_human_review""]",0.7,needs_review,False,0,53,53,0,0,271.03999999999996,2360,1.0,1.0,420,PNH5hdUnXks,
5,0.9370083397409359,False,,5,0,0,0,True,3,768,729,314,scripts/ingestion/corpus/Pd42WwNAr8g,"[""single_source_requires_human_review""]",0.7,needs_review,False,0,21,21,0,0,158.42000000000002,1815,1.0,1.0,331,Pd42WwNAr8g,most_paragraphs_outside_300_500_chars
0,0.9833527357392315,False,,5,0,0,0,True,5,500,434,78,scripts/ingestion/corpus/PnvNqgTyIFI,"[""single_source_requires_human_review""]",0.7,needs_review,False,0,49,49,0,0,168.94,1863,1.0,1.0,345,PnvNqgTyIFI,
0,0.0,False,,5,0,0,0,True,,,,,scripts/ingestion/corpus/PoNEyybToU4,"[""dead_lettered"", ""quarantined_from_retrieval""]",0.0,dead_lettered,False,0,0,0,0,0,0.0,,,,,PoNEyybToU4,
0,0.8875436076339009,False,,5,0,0,0,True,3,455,373,174,scripts/ingestion/corpus/PslFhdZaBFA,"[""single_source_requires_human_review""]",0.7,needs_review,False,0,16,16,0,0,86.49999999999999,1006,1.0,1.0,182,PslFhdZaBFA,
0,1.0,False,,5,0,0,0,True,4,488,422.5,273,scripts/ingestion/corpus/PxTeZh0w1Go,"[""single_source_requires_human_review""]",0.7,needs_review,False,0,17,17,0,0,119.28,1612,1.0,1.0,279,PxTeZh0w1Go,
0,0.9929283045721402,False,,5,0,0,0,True,12,467,401.5,121,scripts/ingestion/corpus/Q4QyNologtw,"[""single_source_requires_human_review""]",0.7,needs_review,False,0,53,53,0,0,446.5,4664,1.0,1.0,838,Q4QyNologtw,
0,0.9823189027003859,False,,5,0,0,0,True,4,383,356.5,127,scripts/ingestion/corpus/Q6VqxNlagpQ,"[""single_source_requires_human_review""]",0.7,needs_review,False,0,17,17,0,0,91.67,1229,1.0,1.0,212,Q6VqxNlagpQ,
0,0.0,False,,5,0,0,0,True,,,,,scripts/ingestion/corpus/Q6q7MaVu9Dk,"[""dead_lettered"", ""quarantined_from_retrieval""]",0.0,unavailable,False,0,0,0,0,0,0.0,,,,,Q6q7MaVu9Dk,
0,0.9179692307692309,False,,5,0,0,0,True,5,405,372,278,scripts/ingestion/corpus/QAnRefsK-3Y,"[""single_source_requires_human_review""]",0.7,needs_review,False,0,24,24,0,0,149.17000000000002,1813,1.0,1.0,313,QAnRefsK-3Y,
0,0.0,False,,5,0,0,0,True,,,,,scripts/ingestion/corpus/QWKFjbNhiNw,"[""dead_lettered"", ""quarantined_from_retrieval""]",0.0,unavailable,False,0,0,0,0,0,0.0,,,,,QWKFjbNhiNw,
1,0.8283434331313374,False,,5,0,0,0,True,4,467,370.0,34,scripts/ingestion/corpus/Q_CMuXKuvoU,"[""single_source_requires_human_review""]",0.7,needs_review,False,0,21,21,0,0,138.06,1247,1.0,1.0,211,Q_CMuXKuvoU,
0,0.9855072463768114,False,,5,0,0,0,True,2,389,235.0,81,scripts/ingestion/corpus/QeRsbucrii4,"[""single_source_requires_human_review""]",0.7,needs_review,False,0,8,8,0,0,43.51999999999999,472,1.0,1.0,83,QeRsbucrii4,
0,0.0,False,,5,0,0,0,True,,,,,scripts/ingestion/corpus/QexlGYK0DI4,"[""dead_lettered"", ""quarantined_from_retrieval""]",0.0,unavailable,False,0,0,0,0,0,0.0,,,,,QexlGYK0DI4,
0,0.9061202624882815,False,,5,0,0,0,True,4,452,393.0,375,scripts/ingestion/corpus/QlHMnyKYYoI,"[""single_source_requires_human_review""]",0.7,needs_review,False,0,19,19,0,0,135.31999999999996,1619,1.0,1.0,291,QlHMnyKYYoI,
1,0.9850998711340205,False,,5,0,0,0,True,9,467,411,34,scripts/ingestion/corpus/QpmmGqGoo-8,"[""single_source_requires_human_review""]",0.7,needs_review,False,0,53,53,0,0,856.17,3436,1.0,1.0,588,QpmmGqGoo-8,
0,0.9656951610654024,False,,5,0,0,0,True,3,1454,573,103,scripts/ingestion/corpus/Qr_pw4E-REk,"[""single_source_requires_human_review""]",0.7,needs_review,False,0,24,24,0,0,138.5,2134,1.0,1.0,404,Qr_pw4E-REk,most_paragraphs_outside_300_500_chars
1,0.9203082581662142,False,,5,0,0,0,True,4,404,371.0,225,scripts/ingestion/corpus/Qu5IQo0ghbs,"[""single_source_requires_human_review""]",0.7,needs_review,False,0,16,16,0,0,105.09,1377,1.0,1.0,243,Qu5IQo0ghbs,
0,1.0,False,,5,0,0,0,True,10,481,393.5,50,scripts/ingestion/corpus/QzJ_Ft1de1o,"[""single_source_requires_human_review""]",0.7,needs_review,False,0,60,60,0,0,389.3,3763,1.0,1.0,683,QzJ_Ft1de1o,
0,0.9620125277833906,False,,5,0,0,0,True,2,385,359.0,333,scripts/ingestion/corpus/R0bGNxoJ4sM,"[""single_source_requires_human_review""]",0.7,needs_review,False,0,13,13,0,0,95.22000000000001,720,1.0,1.0,134,R0bGNxoJ4sM,
0,1.0,False,,5,0,0,0,True,2,362,282.0,202,scripts/ingestion/corpus/R3ZRYoTxhUE,"[""single_source_requires_human_review""]",0.7,needs_review,False,0,8,8,0,0,49.86,566,1.0,1.0,82,R3ZRYoTxhUE,
0,0.9726615615830528,False,,5,0,0,0,True,6,433,369.5,21,scripts/ingestion/corpus/R5jh4Ss4fKA,"[""single_source_requires_human_review""]",0.7,needs_review,False,0,54,54,0,0,135.90999999999997,1946,1.0,1.0,361,R5jh4Ss4fKA,
0,0.8977674624226347,False,,5,0,0,0,True,1,1370,1370,1370,scripts/ingestion/corpus/R7N_Bf14f0o,"[""single_source_requires_human_review""]",0.7,needs_review,False,0,17,17,0,0,81.22999999999999,1370,1.0,1.0,261,R7N_Bf14f0o,most_paragraphs_outside_300_500_chars
0,0.9888928067700988,False,,5,0,0,0,True,8,546,391.0,363,scripts/ingestion/corpus/RBb_3sgOgFY,"[""single_source_requires_human_review""]",0.7,needs_review,False,0,51,51,0,0,280.45000000000005,3385,1.0,1.0,626,RBb_3sgOgFY,
0,0.1898022565554114,False,,5,0,0,0,True,1,440,440,440,scripts/ingestion/corpus/RFx74Q6Oq2c,"[""audio_only_or_silence""]",0.5,sound_only,False,0,12,12,0,0,48.28,440,1.0,1.0,150,RFx74Q6Oq2c,
0,0.8965630114566284,False,,5,0,0,0,True,6,406,380.5,207,scripts/ingestion/corpus/RGFI6v2Biq0,"[""single_source_requires_human_review""]",0.7,needs_review,False,0,17,17,0,0,164.34,2145,1.0,1.0,383,RGFI6v2Biq0,
0,0.659106529209622,False,,5,0,0,0,True,1,295,295,295,scripts/ingestion/corpus/RMpAflHYP2g,"[""low_speech_interval_coverage_estimate=0.659""]",0.5,needs_review,False,0,4,4,0,0,19.18,295,1.0,1.0,56,RMpAflHYP2g,most_paragraphs_outside_300_500_chars
0,1.0,False,,5,0,0,0,True,6,460,390.5,305,scripts/ingestion/corpus/R_bZWZvU-r4,"[""single_source_requires_human_review""]",0.7,needs_review,False,0,43,43,0,0,199.4,2337,1.0,1.0,436,R_bZWZvU-r4,
2,0.9983567834035123,False,,5,0,0,0,True,2,1896,1200.0,504,scripts/ingestion/corpus/Rdm6ZwxZ3m4,"[""single_source_requires_human_review""]",0.7,needs_review,False,0,29,29,0,0,194.42,2402,1.0,1.0,398,Rdm6ZwxZ3m4,most_paragraphs_outside_300_500_chars
1,0.9967279758068515,False,,5,0,0,0,True,7,419,388,299,scripts/ingestion/corpus/RgE2ryZsE3s,"[""single_source_requires_human_review""]",0.7,needs_review,False,0,47,47,0,0,201.05,2660,1.0,1.0,495,RgE2ryZsE3s,
1,0.942908593723947,False,,5,0,0,0,True,6,441,400.5,368,scripts/ingestion/corpus/RkLY_uJL0xc,"[""single_source_requires_human_review""]",0.7,needs_review,False,0,91,91,0,0,282.75,2406,1.0,1.0,445,RkLY_uJL0xc,
0,0.9753042445829623,False,,5,0,0,0,True,1,1818,1818,1818,scripts/ingestion/corpus/RvgN5Mfbd5A,"[""single_source_requires_human_review""]",0.7,needs_review,False,0,35,35,0,0,164.29,1818,1.0,1.0,404,RvgN5Mfbd5A,most_paragraphs_outside_300_500_chars
0,0.9752095594792225,False,,5,0,0,0,True,1,1658,1658,1658,scripts/ingestion/corpus/SAt-D1YFM1Q,"[""single_source_requires_human_review""]",0.7,needs_review,False,0,20,20,0,0,109.36000000000001,1658,1.0,1.0,293,SAt-D1YFM1Q,most_paragraphs_outside_300_500_chars
0,0.8609523809523809,False,,5,0,0,0,True,2,433,400.5,368,scripts/ingestion/corpus/SDWivCDevfE,"[""single_source_requires_human_review""]",0.7,needs_review,False,0,17,17,0,0,63.28,803,1.0,1.0,140,SDWivCDevfE,
0,0.0,False,,5,0,0,0,True,,,,,scripts/ingestion/corpus/SJcLsbR7ccQ,"[""dead_lettered"", ""quarantined_from_retrieval""]",0.0,unavailable,False,0,0,0,0,0,0.0,,,,,SJcLsbR7ccQ,
0,0.0,False,,5,0,0,0,True,,,,,scripts/ingestion/corpus/SKII-krCBcg,"[""dead_lettered"", ""quarantined_from_retrieval""]",0.0,unavailable,False,0,0,0,0,0,0.0,,,,,SKII-krCBcg,
2,0.9696704878424921,False,,5,0,0,0,True,6,487,427.5,8,scripts/ingestion/corpus/SyT0Jx-ZT2g,"[""single_source_requires_human_review""]",0.7,needs_review,False,0,31,31,0,0,188.63,2210,1.0,1.0,353,SyT0Jx-ZT2g,
1,0.9502546024285152,False,,5,0,0,0,True,43,568,400,76,scripts/ingestion/corpus/T3I8r_NU2Wk,"[""single_source_requires_human_review""]",0.7,needs_review,False,0,459,459,0,0,1552.6399999999996,17608,1.0,1.0,3113,T3I8r_NU2Wk,
0,0.0,False,,5,0,0,0,True,,,,,scripts/ingestion/corpus/TIZ3yFQCFfA,"[""dead_lettered"", ""quarantined_from_retrieval""]",0.0,dead_lettered,False,0,0,0,0,0,0.0,,,,,TIZ3yFQCFfA,
0,0.8581616481774961,False,,5,0,0,0,True,5,452,407,270,scripts/ingestion/corpus/TN9W-Jc7qZc,"[""single_source_requires_human_review""]",0.7,needs_review,False,0,30,30,0,0,119.13,1946,1.0,1.0,310,TN9W-Jc7qZc,
0,0.9696157283288651,False,,5,0,0,0,True,2,482,417.0,352,scripts/ingestion/corpus/TQ0TGyaByhs,"[""single_source_requires_human_review""]",0.7,needs_review,False,0,21,21,0,0,75.95,836,1.0,1.0,141,TQ0TGyaByhs,
0,0.9941721458457861,False,,5,0,0,0,True,3,447,384,346,scripts/ingestion/corpus/TXAKaPwrBy0,"[""single_source_requires_human_review""]",0.7,needs_review,False,0,17,17,0,0,133.06,1181,1.0,1.0,208,TXAKaPwrBy0,
7,0.981318440114138,False,,5,0,0,0,True,13,477,390,101,scripts/ingestion/corpus/T_SFXvO7ymc,"[""single_source_requires_human_review""]",0.7,needs_review,False,0,55,55,0,0,402.37,4941,1.0,1.0,846,T_SFXvO7ymc,
1,0.977409106953759,False,,5,0,0,0,True,1,1281,1281,1281,scripts/ingestion/corpus/Tc8f9ZasRRM,"[""single_source_requires_human_review""]",0.7,needs_review,False,0,14,14,0,0,83.06999999999998,1281,1.0,1.0,244,Tc8f9ZasRRM,most_paragraphs_outside_300_500_chars
0,0.9856537435253493,False,,5,0,0,0,True,7,474,405,311,scripts/ingestion/corpus/U1qRvz3hnMA,"[""single_source_requires_human_review""]",0.7,needs_review,False,0,24,24,0,0,313.98,2874,1.0,1.0,510,U1qRvz3hnMA,
18,0.9759633934192091,True,,5,0,0,0,True,3,13184,4266,416,scripts/ingestion/corpus/U23yKxWbIcI,"[""repetition_loop_detected: 'as you're relating to your' (count=4)""]",0.45,needs_review,True,0,233,233,0,0,1441.8200000000002,17870,1.0,1.0,3189,U23yKxWbIcI,most_paragraphs_outside_300_500_chars
1,0.9822272806863946,False,,5,0,0,0,True,4,408,371.5,309,scripts/ingestion/corpus/U4lCthMt9oY,"[""single_source_requires_human_review""]",0.7,needs_review,False,0,14,14,0,0,112.19,1466,1.0,1.0,250,U4lCthMt9oY,
0,0.0,False,,5,0,0,0,True,,,,,scripts/ingestion/corpus/U6pcGCyOYwo,"[""dead_lettered"", ""quarantined_from_retrieval""]",0.0,dead_lettered,False,0,0,0,0,0,0.0,,,,,U6pcGCyOYwo,
3,0.9859100745371483,False,,5,0,0,0,True,6,499,412.0,91,scripts/ingestion/corpus/UDr00laBiYo,"[""single_source_requires_human_review""]",0.7,needs_review,False,0,28,28,0,0,205.01999999999998,2267,1.0,1.0,384,UDr00laBiYo,
0,1.0,False,,5,0,0,0,True,1,128,128,128,scripts/ingestion/corpus/UJM00IqGKtc,"[""single_source_requires_human_review""]",0.7,needs_review,False,0,1,1,0,0,9.0,128,1.0,1.0,23,UJM00IqGKtc,most_paragraphs_outside_300_500_chars
0,0.8876467300167691,False,,5,0,0,0,True,1,380,380,380,scripts/ingestion/corpus/UKYZ4NtUMTw,"[""single_source_requires_human_review""]",0.7,needs_review,False,0,5,5,0,0,31.759999999999998,380,1.0,1.0,62,UKYZ4NtUMTw,
0,0.953146877027627,False,,5,0,0,0,True,2,1524,1407.5,1291,scripts/ingestion/corpus/ULID4U_e3TU,"[""single_source_requires_human_review""]",0.7,needs_review,False,0,70,70,0,0,279.11,2817,1.0,1.0,615,ULID4U_e3TU,most_paragraphs_outside_300_500_chars
0,0.9608409275466931,False,,5,0,0,0,True,3,423,392,367,scripts/ingestion/corpus/UNdwPjyLGn0,"[""single_source_requires_human_review""]",0.7,needs_review,False,0,13,13,0,0,106.49,1186,1.0,1.0,225,UNdwPjyLGn0,
5,0.9892756102375156,False,,5,0,0,0,True,7,469,417,156,scripts/ingestion/corpus/UZHSssZflFQ,"[""single_source_requires_human_review""]",0.7,needs_review,False,0,29,29,0,0,300.72,2688,1.0,1.0,470,UZHSssZflFQ,
0,0.9471592969960761,False,,5,0,0,0,True,8,523,435.5,182,scripts/ingestion/corpus/UbCEX5KBbPw,"[""single_source_requires_human_review""]",0.7,needs_review,False,0,31,31,0,0,574.49,3266,1.0,1.0,566,UbCEX5KBbPw,
0,0.9995189995189996,False,,5,0,0,0,True,3,697,377,321,scripts/ingestion/corpus/Ud5UpU0bvjw,"[""single_source_requires_human_review""]",0.7,needs_review,False,0,19,19,0,0,83.12,1399,1.0,1.0,254,Ud5UpU0bvjw,
1,0.9592863836729026,False,,5,0,0,0,True,9,660,379,220,scripts/ingestion/corpus/UgQV_5FjPNk,"[""single_source_requires_human_review""]",0.7,needs_review,False,0,87,87,0,0,276.38,3558,1.0,1.0,644,UgQV_5FjPNk,
0,0.9443214300092597,False,,5,0,0,0,True,7,420,387,369,scripts/ingestion/corpus/Ul_7NL6j2ZI,"[""single_source_requires_human_review""]",0.7,needs_review,False,0,41,41,0,0,234.56,2724,1.0,1.0,500,Ul_7NL6j2ZI,
0,0.8568329718004339,False,,5,0,0,0,True,1,783,783,783,scripts/ingestion/corpus/UodtrfOmNh4,"[""single_source_requires_human_review""]",0.7,needs_review,False,0,15,15,0,0,55.30000000000001,783,1.0,1.0,147,UodtrfOmNh4,most_paragraphs_outside_300_500_chars
9,0.9990492815061874,True,,5,0,0,0,True,10,2520,588.0,434,scripts/ingestion/corpus/UpeaTtqs7Oc,"[""repetition_loop_detected: 'Say yes if it comes' (count=4)""]",0.45,needs_review,True,0,126,126,0,0,641.01,7988,1.0,1.0,1411,UpeaTtqs7Oc,
1,0.7351635355474128,False,,5,0,0,0,True,9,807,545,55,scripts/ingestion/corpus/UrVvSqKYU8c,"[""low_speech_interval_coverage_estimate=0.735""]",0.5,needs_review,False,0,50,50,0,0,379.19,4476,1.0,1.0,763,UrVvSqKYU8c,most_paragraphs_outside_300_500_chars
0,0.9195312500000001,False,,5,0,0,0,True,1,420,420,420,scripts/ingestion/corpus/UuPdfdrvpdQ,"[""single_source_requires_human_review""]",0.7,needs_review,False,0,6,6,0,0,35.31,420,1.0,1.0,75,UuPdfdrvpdQ,
1,0.9075359864521592,False,,5,0,0,0,True,2,399,344.5,290,scripts/ingestion/corpus/V1IuTlEU1ic,"[""single_source_requires_human_review""]",0.7,needs_review,False,0,13,13,0,0,53.589999999999996,691,1.0,1.0,124,V1IuTlEU1ic,
0,0.8641867348311584,False,,5,0,0,0,True,5,463,378,293,scripts/ingestion/corpus/V2WQ20Ocw_o,"[""single_source_requires_human_review""]",0.7,needs_review,False,0,26,26,0,0,128.47,1928,1.0,1.0,367,V2WQ20Ocw_o,
13,0.8969286364908234,False,,5,0,0,0,True,30,2153,581.5,187,scripts/ingestion/corpus/V45jIC4RthQ,"[""single_source_requires_human_review""]",0.7,needs_review,False,0,240,240,0,0,1506.580000000001,21478,1.0,1.0,3885,V45jIC4RthQ,most_paragraphs_outside_300_500_chars
0,0.9777385874121831,False,,5,0,0,0,True,3,472,386,176,scripts/ingestion/corpus/V5fBJwo_KQk,"[""single_source_requires_human_review""]",0.7,needs_review,False,0,14,14,0,0,338.19,1038,1.0,1.0,182,V5fBJwo_KQk,
8,0.8329097839898347,False,,5,0,0,0,True,4,413,389.5,348,scripts/ingestion/corpus/VO3fi1c9ids,"[""single_source_requires_human_review""]",0.7,needs_review,False,0,33,33,0,0,131.1,1546,1.0,1.0,269,VO3fi1c9ids,
0,0.9367145421903053,False,,5,0,0,0,True,1,489,489,489,scripts/ingestion/corpus/VOOf2kQpeMw,"[""single_source_requires_human_review""]",0.7,needs_review,False,0,7,7,0,0,62.61000000000001,489,1.0,1.0,87,VOOf2kQpeMw,
0,0.9265647106380114,False,,5,0,0,0,True,5,510,414,54,scripts/ingestion/corpus/VP9mfCJBX_Y,"[""single_source_requires_human_review""]",0.7,needs_review,False,0,25,25,0,0,137.53000000000003,1782,1.0,1.0,292,VP9mfCJBX_Y,
0,0.9806620780072107,False,,5,0,0,0,True,5,546,425,180,scripts/ingestion/corpus/VTx4G0KEuUE,"[""single_source_requires_human_review""]",0.7,needs_review,False,0,18,18,0,0,239.36,2005,1.0,1.0,371,VTx4G0KEuUE,
1,0.9827826896230805,False,,5,0,0,0,True,8,491,391.5,243,scripts/ingestion/corpus/VbT9vgs06Gc,"[""single_source_requires_human_review""]",0.7,needs_review,False,0,33,33,0,0,295.68,3114,1.0,1.0,554,VbT9vgs06Gc,
0,0.9959246051961282,False,,5,0,0,0,True,1,180,180,180,scripts/ingestion/corpus/Vl55gfNrZmM,"[""single_source_requires_human_review""]",0.7,needs_review,False,0,2,2,0,0,19.549999999999997,180,1.0,1.0,30,Vl55gfNrZmM,most_paragraphs_outside_300_500_chars
2,0.9926149062287435,False,,5,0,0,0,True,12,504,408.5,199,scripts/ingestion/corpus/Vr3PS2DdbDU,"[""single_source_requires_human_review""]",0.7,needs_review,False,0,63,63,0,0,408.59999999999997,4762,1.0,1.0,815,Vr3PS2DdbDU,
1,0.96329150439925,False,,5,0,0,0,True,7,488,380,8,scripts/ingestion/corpus/VrPi2RUUXq4,"[""single_source_requires_human_review""]",0.7,needs_review,False,0,37,37,0,0,400.71000000000004,2458,1.0,1.0,439,VrPi2RUUXq4,
0,0.0,False,,5,0,0,0,True,,,,,scripts/ingestion/corpus/Vt_CjAdzebM,"[""dead_lettered"", ""quarantined_from_retrieval""]",0.0,dead_lettered,False,0,0,0,0,0,0.0,,,,,Vt_CjAdzebM,
0,0.0,False,,5,0,0,0,True,,,,,scripts/ingestion/corpus/Vz_fn9o_Meo,"[""dead_lettered"", ""quarantined_from_retrieval""]",0.0,dead_lettered,False,0,0,0,0,0,0.0,,,,,Vz_fn9o_Meo,
0,0.9979949037136053,False,,5,0,0,0,True,5,398,379,356,scripts/ingestion/corpus/W2ZzApmqJmo,"[""single_source_requires_human_review""]",0.7,needs_review,False,0,28,28,0,0,238.90999999999997,1899,1.0,1.0,332,W2ZzApmqJmo,
0,0.0,False,,5,0,0,0,True,,,,,scripts/ingestion/corpus/WLN80D-u2us,"[""dead_lettered"", ""quarantined_from_retrieval""]",0.0,unavailable,False,0,0,0,0,0,0.0,,,,,WLN80D-u2us,
1,0.9884489830082867,False,,5,0,0,0,True,15,534,388,347,scripts/ingestion/corpus/WOKBogNTmPI,"[""single_source_requires_human_review""]",0.7,needs_review,False,0,69,69,0,0,472.36,6043,1.0,1.0,983,WOKBogNTmPI,
0,0.9966382518909833,False,,5,0,0,0,True,4,434,406.0,109,scripts/ingestion/corpus/WO_jh3zPTr0,"[""single_source_requires_human_review""]",0.7,needs_review,False,0,23,23,0,0,166.02,1361,1.0,1.0,248,WO_jh3zPTr0,
0,0.9866390092123727,False,,5,0,0,0,True,5,422,373,140,scripts/ingestion/corpus/WQWVnrG-wX4,"[""single_source_requires_human_review""]",0.7,needs_review,False,0,35,35,0,0,161.72,1713,1.0,1.0,322,WQWVnrG-wX4,
1,0.9939004815409309,False,,5,0,0,0,True,5,487,446,372,scripts/ingestion/corpus/WWIURef-J3s,"[""single_source_requires_human_review""]",0.7,needs_review,False,0,27,27,0,0,185.76,2196,1.0,1.0,351,WWIURef-J3s,
0,1.0,False,,5,0,0,0,True,2,383,207.0,31,scripts/ingestion/corpus/W_KHgnxTHaY,"[""single_source_requires_human_review""]",0.7,needs_review,False,0,10,10,0,0,43.5,416,1.0,1.0,79,W_KHgnxTHaY,
0,0.975436249771995,False,,5,0,0,0,True,10,593,391.5,183,scripts/ingestion/corpus/We6ENmiSSwI,"[""single_source_requires_human_review""]",0.7,needs_review,False,0,88,88,0,0,320.86,4059,1.0,1.0,789,We6ENmiSSwI,
0,0.9996331429170379,False,,5,0,0,0,True,13,421,385,359,scripts/ingestion/corpus/WfiHrS5Kjj8,"[""single_source_requires_human_review""]",0.7,needs_review,False,0,99,99,0,0,572.2199999999999,5072,1.0,1.0,910,WfiHrS5Kjj8,
0,0.988065057139514,False,,5,0,0,0,True,6,437,381.5,355,scripts/ingestion/corpus/WfkCDNu4SuE,"[""single_source_requires_human_review""]",0.7,needs_review,False,0,32,32,0,0,253.32999999999998,2336,1.0,1.0,396,WfkCDNu4SuE,
2,0.7418244406196214,False,,5,0,0,0,True,1,262,262,262,scripts/ingestion/corpus/WhYY6IKaiVI,"[""low_speech_interval_coverage_estimate=0.742""]",0.5,needs_review,False,0,4,4,0,0,21.55,262,1.0,1.0,42,WhYY6IKaiVI,most_paragraphs_outside_300_500_chars
2,0.9517241379310344,False,,5,0,0,0,True,3,458,436,238,scripts/ingestion/corpus/WkkKW_mbWQI,"[""single_source_requires_human_review""]",0.7,needs_review,False,0,19,19,0,0,96.6,1136,1.0,1.0,209,WkkKW_mbWQI,
0,0.0,False,,5,0,0,0,True,,,,,scripts/ingestion/corpus/WlIW6LkFLp4,"[""dead_lettered"", ""quarantined_from_retrieval""]",0.0,unavailable,False,0,0,0,0,0,0.0,,,,,WlIW6LkFLp4,
0,0.9996521739130435,False,,5,0,0,0,True,2,379,353.0,327,scripts/ingestion/corpus/WtRGXnnGiVE,"[""single_source_requires_human_review""]",0.7,needs_review,False,0,8,8,0,0,57.480000000000004,708,1.0,1.0,129,WtRGXnnGiVE,
0,1.0,False,,5,0,0,0,True,2,383,224.5,66,scripts/ingestion/corpus/Wua3xtO-oys,"[""single_source_requires_human_review""]",0.7,needs_review,False,0,8,8,0,0,38.39,451,1.0,1.0,85,Wua3xtO-oys,
0,0.9565488565488565,False,,5,0,0,0,True,3,410,368,135,scripts/ingestion/corpus/WwgBOejW_pI,"[""single_source_requires_human_review""]",0.7,needs_review,False,0,17,17,0,0,92.02,917,1.0,1.0,164,WwgBOejW_pI,
0,0.0,False,,5,0,0,0,True,,,,,scripts/ingestion/corpus/WyRSqoqHWF0,"[""dead_lettered"", ""quarantined_from_retrieval""]",0.0,unavailable,False,0,0,0,0,0,0.0,,,,,WyRSqoqHWF0,
0,0.9975212302042691,False,,5,0,0,0,True,18,440,383.0,56,scripts/ingestion/corpus/X-m1fDzX5Rc,"[""single_source_requires_human_review""]",0.7,needs_review,False,0,169,169,0,0,434.62,6746,1.0,1.0,1291,X-m1fDzX5Rc,
1,0.8991001124859395,False,,5,0,0,0,True,8,730,507.5,115,scripts/ingestion/corpus/X1mtpheWDhs,"[""single_source_requires_human_review""]",0.7,needs_review,False,0,47,47,0,0,319.7200000000001,4058,1.0,1.0,741,X1mtpheWDhs,most_paragraphs_outside_300_500_chars
7,0.9950259836674091,True,,5,0,0,0,True,12,430,368.5,98,scripts/ingestion/corpus/X3LKG0Ycl3A,"[""repetition_loop_detected: 'that you want to manifest' (count=4)""]",0.45,needs_review,True,0,75,75,0,0,938.21,4353,1.0,1.0,786,X3LKG0Ycl3A,
0,0.9363636363636363,False,,5,0,0,0,True,1,3,3,3,scripts/ingestion/corpus/XEFWnanCtk8,"[""single_source_requires_human_review""]",0.7,needs_review,False,0,1,1,0,0,2.06,3,1.0,1.0,1,XEFWnanCtk8,most_paragraphs_outside_300_500_chars
1,0.9861293685689678,False,,5,0,0,0,True,8,434,383.0,246,scripts/ingestion/corpus/XFFgRTgP8Rs,"[""single_source_requires_human_review""]",0.7,needs_review,False,0,39,39,0,0,217.55,3020,1.0,1.0,587,XFFgRTgP8Rs,
0,0.0,False,,5,0,0,0,True,,,,,scripts/ingestion/corpus/XFZOr_5-0F0,"[""dead_lettered"", ""quarantined_from_retrieval""]",0.0,dead_lettered,False,0,0,0,0,0,0.0,,,,,XFZOr_5-0F0,
1,0.9840184529203394,False,,5,0,0,0,True,2,1523,866.0,209,scripts/ingestion/corpus/XK2Wna2YG6Y,"[""single_source_requires_human_review""]",0.7,needs_review,False,0,23,23,0,0,716.7,1734,1.0,1.0,297,XK2Wna2YG6Y,most_paragraphs_outside_300_500_chars
0,1.0,False,,5,0,0,0,True,8,435,404.0,135,scripts/ingestion/corpus/XMzZe5aEmTo,"[""single_source_requires_human_review""]",0.7,needs_review,False,0,82,82,0,0,261.9,2986,1.0,1.0,534,XMzZe5aEmTo,
0,0.9635472888815081,False,,5,0,0,0,True,1,1271,1271,1271,scripts/ingestion/corpus/XS9EXhxRbi8,"[""single_source_requires_human_review""]",0.7,needs_review,False,0,15,15,0,0,116.04000000000002,1271,1.0,1.0,227,XS9EXhxRbi8,most_paragraphs_outside_300_500_chars
0,0.9621247113163972,False,,5,0,0,0,True,3,447,435,383,scripts/ingestion/corpus/XcE2G9J8U_4,"[""single_source_requires_human_review""]",0.7,needs_review,False,0,12,12,0,0,83.32,1269,1.0,1.0,232,XcE2G9J8U_4,
0,0.8995166019494413,False,,5,0,0,0,True,3,763,381,226,scripts/ingestion/corpus/XhV7FuKtZnY,"[""single_source_requires_human_review""]",0.7,needs_review,False,0,17,17,0,0,113.50999999999999,1374,1.0,1.0,237,XhV7FuKtZnY,most_paragraphs_outside_300_500_chars
0,0.9532388265406576,False,,5,0,0,0,True,2,388,372.5,357,scripts/ingestion/corpus/Xk1KsO3efP4,"[""single_source_requires_human_review""]",0.7,needs_review,False,0,12,12,0,0,96.83,747,1.0,1.0,141,Xk1KsO3efP4,
0,0.9292789480513863,False,,5,0,0,0,True,5,402,372,224,scripts/ingestion/corpus/XmkNwgkMC3U,"[""single_source_requires_human_review""]",0.7,needs_review,False,0,36,36,0,0,644.5200000000001,1758,1.0,1.0,319,XmkNwgkMC3U,
0,1.0,False,,5,0,0,0,True,4,408,393.5,263,scripts/ingestion/corpus/XsbGYVBY92c,"[""single_source_requires_human_review""]",0.7,needs_review,False,0,20,20,0,0,113.97,1464,1.0,1.0,254,XsbGYVBY92c,
0,0.9810236433062058,True,,5,0,0,0,True,13,712,442,212,scripts/ingestion/corpus/XzS56RqIxeE,"[""repetition_loop_detected: 'How do we connect? I' (count=4)""]",0.45,needs_review,True,0,166,166,0,0,508.69999999999993,5814,1.0,1.0,1027,XzS56RqIxeE,
1,0.8588504920684851,False,,5,0,0,0,True,2,2292,1661.5,1031,scripts/ingestion/corpus/Y7bp-LlC3CM,"[""single_source_requires_human_review""]",0.7,needs_review,False,0,43,43,0,0,191.11999999999998,3325,1.0,1.0,646,Y7bp-LlC3CM,most_paragraphs_outside_300_500_chars
9,0.9210628847502533,False,,5,0,0,0,True,8,987,535.5,358,scripts/ingestion/corpus/Y7p7jHP0Ii0,"[""single_source_requires_human_review""]",0.7,needs_review,False,0,53,53,0,0,354.6,4716,1.0,1.0,819,Y7p7jHP0Ii0,most_paragraphs_outside_300_500_chars
0,0.9824146593763852,False,,5,0,0,0,True,5,439,379,146,scripts/ingestion/corpus/YEPXAy-jyVo,"[""single_source_requires_human_review""]",0.7,needs_review,False,0,44,44,0,0,132.95999999999998,1748,1.0,1.0,306,YEPXAy-jyVo,
1,0.8999438675273644,False,,5,0,0,0,True,2,611,368.5,126,scripts/ingestion/corpus/YZaEmcxvYvc,"[""single_source_requires_human_review""]",0.7,needs_review,False,0,9,9,0,0,64.13,739,1.0,1.0,118,YZaEmcxvYvc,most_paragraphs_outside_300_500_chars
0,0.9564037248924708,True,,5,0,0,0,True,2,3309,1837.0,365,scripts/ingestion/corpus/Yf4Pld6UEdg,"[""repetition_loop_detected: 'Some feel they're successful if' (count=4)""]",0.45,needs_review,True,0,39,39,0,0,229.03,3676,1.0,1.0,706,Yf4Pld6UEdg,
0,0.8478260869565217,False,,5,0,0,0,True,3,372,364,214,scripts/ingestion/corpus/Yfi6-_lYa58,"[""single_source_requires_human_review""]",0.7,needs_review,False,0,21,21,0,0,73.71,954,1.0,1.0,193,Yfi6-_lYa58,
3,0.9447013933051973,False,,5,0,0,0,True,5,1663,697,434,scripts/ingestion/corpus/YguId6pF5KI,"[""single_source_requires_human_review""]",0.7,needs_review,False,0,53,53,0,0,326.80999999999995,4744,1.0,1.0,894,YguId6pF5KI,most_paragraphs_outside_300_500_chars
4,0.9472795834081522,False,,5,0,0,0,True,50,491,391.0,204,scripts/ingestion/corpus/YkIBYppBtro,"[""single_source_requires_human_review""]",0.7,needs_review,False,0,335,335,0,0,1582.62,20056,1.0,1.0,3597,YkIBYppBtro,
0,0.9099491648511255,False,,5,0,0,0,True,1,1758,1758,1758,scripts/ingestion/corpus/YtkxNkrfJWg,"[""single_source_requires_human_review""]",0.7,needs_review,False,0,11,11,0,0,125.29999999999998,1758,1.0,1.0,395,YtkxNkrfJWg,most_paragraphs_outside_300_500_chars
1,0.9966316406106981,False,,5,0,0,0,True,8,480,408.0,102,scripts/ingestion/corpus/YxglvjuoMZI,"[""single_source_requires_human_review""]",0.7,needs_review,False,0,47,47,0,0,272.21,3004,1.0,1.0,505,YxglvjuoMZI,
9,0.9789368770764119,False,,5,0,0,0,True,10,605,405.0,265,scripts/ingestion/corpus/Z7w7soyXmHs,"[""single_source_requires_human_review""]",0.7,needs_review,False,0,49,49,0,0,294.65999999999997,4266,1.0,1.0,779,Z7w7soyXmHs,
1,1.0,False,,5,0,0,0,True,5,668,492,367,scripts/ingestion/corpus/ZD1nQPtpojM,"[""single_source_requires_human_review""]",0.7,needs_review,False,0,32,32,0,0,162.2,2578,1.0,1.0,462,ZD1nQPtpojM,
1,0.9927205932376353,False,,5,0,0,0,True,1,2150,2150,2150,scripts/ingestion/corpus/ZGvKY4mPfIc,"[""single_source_requires_human_review""]",0.7,needs_review,False,0,23,23,0,0,145.92000000000002,2150,1.0,1.0,375,ZGvKY4mPfIc,most_paragraphs_outside_300_500_chars
0,0.0,False,,5,0,0,0,True,,,,,scripts/ingestion/corpus/ZVraDQJ_I_Y,"[""dead_lettered"", ""quarantined_from_retrieval""]",0.0,unavailable,False,0,0,0,0,0,0.0,,,,,ZVraDQJ_I_Y,
0,0.9912585185656965,False,,5,0,0,0,True,3,812,709,699,scripts/ingestion/corpus/ZaZOJ6gazYM,"[""single_source_requires_human_review""]",0.7,needs_review,False,0,25,25,0,0,622.55,2224,1.0,1.0,383,ZaZOJ6gazYM,most_paragraphs_outside_300_500_chars
1,0.8259798432250839,False,,5,0,0,0,True,2,393,388.0,383,scripts/ingestion/corpus/_-P-9fe5U_4,"[""single_source_requires_human_review""]",0.7,needs_review,False,0,13,13,0,0,73.75999999999999,778,1.0,1.0,152,_-P-9fe5U_4,
6,0.946428677744503,True,,5,0,0,0,True,54,784,397.5,88,scripts/ingestion/corpus/_GEMrEWCiXw,"[""repetition_loop_detected: 'when you are in that' (count=10)""]",0.45,needs_review,True,0,505,505,0,0,1589.6499999999996,22070,1.0,1.0,4038,_GEMrEWCiXw,
0,0.0,False,,5,0,0,0,True,,,,,scripts/ingestion/corpus/_KQTdkGrw6A,"[""dead_lettered"", ""quarantined_from_retrieval""]",0.0,unavailable,False,0,0,0,0,0,0.0,,,,,_KQTdkGrw6A,
1,0.9844550878077472,True,,5,0,0,0,True,6,457,403.0,275,scripts/ingestion/corpus/_KtWOkUsy1w,"[""repetition_loop_detected: 'you became a Deeksha giver' (count=4)""]",0.45,needs_review,True,0,37,37,0,0,234.32,2375,1.0,1.0,434,_KtWOkUsy1w,
3,0.9817615346915914,False,,5,0,0,0,True,9,738,392,279,scripts/ingestion/corpus/_X5jRvqxEEo,"[""single_source_requires_human_review""]",0.7,needs_review,False,0,63,63,0,0,280.45000000000005,3835,1.0,1.0,687,_X5jRvqxEEo,
0,0.9995143797550315,False,,5,0,0,0,True,11,460,404,17,scripts/ingestion/corpus/_XDcXdBDZ0c,"[""single_source_requires_human_review""]",0.7,needs_review,False,0,86,86,0,0,555.72,4082,1.0,1.0,731,_XDcXdBDZ0c,
2,0.8417182015711182,False,,5,0,0,0,True,1,769,769,769,scripts/ingestion/corpus/_fi53IYfitg,"[""single_source_requires_human_review""]",0.7,needs_review,False,0,11,11,0,0,50.36,769,1.0,1.0,137,_fi53IYfitg,most_paragraphs_outside_300_500_chars
0,0.0,False,,5,0,0,0,True,,,,,scripts/ingestion/corpus/_laoTHp0JWw,"[""dead_lettered"", ""quarantined_from_retrieval""]",0.0,unavailable,False,0,0,0,0,0,0.0,,,,,_laoTHp0JWw,
0,0.970357941834452,False,,5,0,0,0,True,4,1456,520.5,376,scripts/ingestion/corpus/_xRxSiooRnE,"[""single_source_requires_human_review""]",0.7,needs_review,False,0,32,32,0,0,208.20000000000002,2879,1.0,1.0,556,_xRxSiooRnE,
0,1.0,False,,5,0,0,0,True,9,437,379,355,scripts/ingestion/corpus/a3sAeqXrCYI,"[""single_source_requires_human_review""]",0.7,needs_review,False,0,55,55,0,0,326.43,3501,1.0,1.0,624,a3sAeqXrCYI,
0,0.9475817724350011,False,,5,0,0,0,True,9,468,385,78,scripts/ingestion/corpus/a78n3v1aDMg,"[""single_source_requires_human_review""]",0.7,needs_review,False,0,74,74,0,0,203.36999999999995,3319,1.0,1.0,592,a78n3v1aDMg,
6,0.8833816802409907,True,,5,0,0,0,True,9,554,386,356,scripts/ingestion/corpus/aDQhPZUnDqA,"[""repetition_loop_detected: 'walk around the fire, the' (count=5)""]",0.45,needs_review,True,0,63,63,0,0,316.71,3855,1.0,1.0,696,aDQhPZUnDqA,
0,0.999724868452729,False,,5,0,0,0,True,8,443,386.5,92,scripts/ingestion/corpus/aIEw-1E9ays,"[""single_source_requires_human_review""]",0.7,needs_review,False,0,74,74,0,0,290.69,2914,1.0,1.0,516,aIEw-1E9ays,
0,0.9992022626731452,False,,5,0,0,0,True,2,775,605.5,436,scripts/ingestion/corpus/aJIunwxx3NI,"[""single_source_requires_human_review""]",0.7,needs_review,False,0,16,16,0,0,137.77999999999997,1213,1.0,1.0,213,aJIunwxx3NI,
0,0.0,False,,5,0,0,0,True,,,,,scripts/ingestion/corpus/aSNQUkuyB18,"[""dead_lettered"", ""quarantined_from_retrieval""]",0.0,dead_lettered,False,0,0,0,0,0,0.0,,,,,aSNQUkuyB18,
0,0.9805123713597548,False,,5,0,0,0,True,3,419,411,344,scripts/ingestion/corpus/aVqDALcqpII,"[""single_source_requires_human_review""]",0.7,needs_review,False,0,13,13,0,0,89.56,1178,1.0,1.0,221,aVqDALcqpII,
0,0.888175162315237,True,,5,0,0,0,True,3,637,525,471,scripts/ingestion/corpus/a_qokyTjobo,"[""repetition_loop_detected: 'we love our children? If' (count=6)""]",0.45,needs_review,True,0,18,18,0,0,128.59,1637,1.0,1.0,308,a_qokyTjobo,most_paragraphs_outside_300_500_chars
0,0.9476392705470897,False,,5,0,0,0,True,36,603,395.0,178,scripts/ingestion/corpus/ajMAwlKh3YM,"[""single_source_requires_human_review""]",0.7,needs_review,False,0,332,332,0,0,1517.3600000000001,14658,1.0,1.0,2661,ajMAwlKh3YM,
1,0.827872941959089,False,,5,0,0,0,True,10,469,399.5,125,scripts/ingestion/corpus/aqSM9LwqWgA,"[""single_source_requires_human_review""]",0.7,needs_review,False,0,106,106,0,0,348.46000000000015,3893,1.0,1.0,693,aqSM9LwqWgA,
0,0.0,False,,5,0,0,0,True,,,,,scripts/ingestion/corpus/aqpjV4cSJBI,"[""dead_lettered"", ""quarantined_from_retrieval""]",0.0,dead_lettered,False,0,0,0,0,0,0.0,,,,,aqpjV4cSJBI,
26,0.7169035592623046,False,,5,0,0,0,True,10,613,393.0,324,scripts/ingestion/corpus/avCLyAi9DeY,"[""low_speech_interval_coverage_estimate=0.717""]",0.5,needs_review,False,0,95,95,0,0,366.17999999999995,4234,1.0,1.0,735,avCLyAi9DeY,
3,1.0,False,,5,0,0,0,True,3,450,430,259,scripts/ingestion/corpus/b-MkLkpTeVY,"[""single_source_requires_human_review""]",0.7,needs_review,False,0,16,16,0,0,65.72,1143,1.0,1.0,216,b-MkLkpTeVY,
0,0.9123396456933416,False,,5,0,0,0,True,2,415,303.0,191,scripts/ingestion/corpus/b6nQnYzo_bY,"[""single_source_requires_human_review""]",0.7,needs_review,False,0,7,7,0,0,59.74000000000001,608,1.0,1.0,99,b6nQnYzo_bY,
0,1.0,False,,5,0,0,0,True,7,472,369,136,scripts/ingestion/corpus/bCzjP2UaKRI,"[""single_source_requires_human_review""]",0.7,needs_review,False,0,34,34,0,0,225.69,2521,1.0,1.0,444,bCzjP2UaKRI,
0,0.9984643734643734,False,,5,0,0,0,True,7,455,383,267,scripts/ingestion/corpus/bF6kr28QHJc,"[""single_source_requires_human_review""]",0.7,needs_review,False,0,58,58,0,0,195.06,2710,1.0,1.0,468,bF6kr28QHJc,
1,0.9576959234253484,False,,5,0,0,0,True,4,438,404.0,40,scripts/ingestion/corpus/bHd9dYS6UiU,"[""single_source_requires_human_review""]",0.7,needs_review,False,0,18,18,0,0,112.06000000000002,1292,1.0,1.0,215,bHd9dYS6UiU,
0,1.0,False,,5,0,0,0,True,2,364,230.5,97,scripts/ingestion/corpus/bMGaQ2nUE5Y,"[""single_source_requires_human_review""]",0.7,needs_review,False,0,10,10,0,0,42.54,463,1.0,1.0,83,bMGaQ2nUE5Y,
0,0.9810027855153204,False,,5,0,0,0,True,4,557,383.5,24,scripts/ingestion/corpus/bSfYcWPgkpI,"[""single_source_requires_human_review""]",0.7,needs_review,False,0,25,25,0,0,176.09,1354,1.0,1.0,251,bSfYcWPgkpI,
1,0.9991872418943853,False,,5,0,0,0,True,9,461,415,9,scripts/ingestion/corpus/bSyewSnu2Ak,"[""single_source_requires_human_review""]",0.7,needs_review,False,0,60,60,0,0,454.87,3343,1.0,1.0,619,bSyewSnu2Ak,
0,0.998095782157479,False,,5,0,0,0,True,1,3425,3425,3425,scripts/ingestion/corpus/bVcY8fIlDa4,"[""single_source_requires_human_review""]",0.7,needs_review,False,0,42,42,0,0,314.49,3425,1.0,1.0,587,bVcY8fIlDa4,most_paragraphs_outside_300_500_chars
0,1.0,False,,5,0,0,0,True,1,471,471,471,scripts/ingestion/corpus/beadZEtxtcs,"[""single_source_requires_human_review""]",0.7,needs_review,False,0,6,6,0,0,28.53,471,1.0,1.0,84,beadZEtxtcs,
2,0.699747391233983,False,,5,0,0,0,True,37,533,402,104,scripts/ingestion/corpus/beh0v5Odn6g,"[""low_speech_interval_coverage_estimate=0.700""]",0.5,needs_review,False,0,305,305,0,0,994.4599999999997,14848,1.0,1.0,2658,beh0v5Odn6g,
1,0.9991519674355495,False,,5,0,0,0,True,11,483,388,70,scripts/ingestion/corpus/bh_kjn-1CAY,"[""single_source_requires_human_review""]",0.7,needs_review,False,0,82,82,0,0,353.46,4133,1.0,1.0,756,bh_kjn-1CAY,
0,0.9877512291900284,False,,5,0,0,0,True,2,441,371.0,301,scripts/ingestion/corpus/c2oUDKf6ndo,"[""single_source_requires_human_review""]",0.7,needs_review,False,0,11,11,0,0,114.51,744,1.0,1.0,126,c2oUDKf6ndo,
7,0.9433096446700507,False,,5,0,0,0,True,9,444,399,113,scripts/ingestion/corpus/c32xomNzUIs,"[""single_source_requires_human_review""]",0.7,needs_review,False,0,79,79,0,0,232.29,3330,1.0,1.0,601,c32xomNzUIs,
1,0.9840136367824565,False,,5,0,0,0,True,6,428,368.5,277,scripts/ingestion/corpus/cD6Wi47E0hk,"[""single_source_requires_human_review""]",0.7,needs_review,False,0,32,32,0,0,213.59,2235,1.0,1.0,385,cD6Wi47E0hk,
0,0.0,False,,5,0,0,0,True,,,,,scripts/ingestion/corpus/cESK2Fb3Aq0,"[""dead_lettered"", ""quarantined_from_retrieval""]",0.0,unavailable,False,0,0,0,0,0,0.0,,,,,cESK2Fb3Aq0,
1,1.0,False,,5,0,0,0,True,9,509,447,138,scripts/ingestion/corpus/cHAJiF2byzg,"[""single_source_requires_human_review""]",0.7,needs_review,False,0,25,25,0,0,211.66,3672,1.0,1.0,698,cHAJiF2byzg,
0,0.8450342888154326,False,,5,0,0,0,True,4,869,532.0,264,scripts/ingestion/corpus/cI7D2aO34yw,"[""single_source_requires_human_review""]",0.7,needs_review,False,0,25,25,0,0,171.28000000000003,2203,1.0,1.0,380,cI7D2aO34yw,most_paragraphs_outside_300_500_chars
0,0.995935912465807,False,,5,0,0,0,True,9,414,375,122,scripts/ingestion/corpus/c_w5JbP_N90,"[""single_source_requires_human_review""]",0.7,needs_review,False,0,66,66,0,0,254.86,3196,1.0,1.0,651,c_w5JbP_N90,
0,1.0,False,,5,0,0,0,True,3,383,370,352,scripts/ingestion/corpus/co3N4y-RQKQ,"[""single_source_requires_human_review""]",0.7,needs_review,False,0,27,27,0,0,72.26,1109,1.0,1.0,188,co3N4y-RQKQ,
3,0.9093476039369656,False,,5,0,0,0,True,6,579,378.0,104,scripts/ingestion/corpus/co9vrSiN8ak,"[""single_source_requires_human_review""]",0.7,needs_review,False,0,59,59,0,0,338.15000000000003,2278,1.0,1.0,398,co9vrSiN8ak,
1,0.981632442472397,False,,5,0,0,0,True,2,367,324.5,282,scripts/ingestion/corpus/cqvwOx5baxM,"[""single_source_requires_human_review""]",0.7,needs_review,False,0,10,10,0,0,95.13,651,1.0,1.0,132,cqvwOx5baxM,
1,0.8355184743742551,False,,5,0,0,0,True,2,496,349.5,203,scripts/ingestion/corpus/ct7R4Em77NY,"[""single_source_requires_human_review""]",0.7,needs_review,False,0,11,11,0,0,56.080000000000005,701,1.0,1.0,116,ct7R4Em77NY,
0,0.8687232605269083,False,,5,0,0,0,True,7,487,396,246,scripts/ingestion/corpus/cu-Tx7ehQvM,"[""single_source_requires_human_review""]",0.7,needs_review,False,0,40,40,0,0,231.47999999999996,2699,1.0,1.0,495,cu-Tx7ehQvM,
2,0.9846619437375336,False,,5,0,0,0,True,5,460,373,181,scripts/ingestion/corpus/cvREfQLxC6k,"[""single_source_requires_human_review""]",0.7,needs_review,False,0,34,34,0,0,143.16,1831,1.0,1.0,314,cvREfQLxC6k,
0,0.9686609686609685,False,,5,0,0,0,True,2,506,424.0,342,scripts/ingestion/corpus/cxgHFX04RtQ,"[""single_source_requires_human_review""]",0.7,needs_review,False,0,21,21,0,0,54.39999999999999,850,1.0,1.0,160,cxgHFX04RtQ,
0,0.9867511885895404,False,,5,0,0,0,True,9,440,400,378,scripts/ingestion/corpus/cy7L7ru37HE,"[""single_source_requires_human_review""]",0.7,needs_review,False,0,40,40,0,0,311.32,3631,1.0,1.0,623,cy7L7ru37HE,
0,0.9992030284917315,False,,5,0,0,0,True,2,607,501.5,396,scripts/ingestion/corpus/cz_i2AsxGv0,"[""single_source_requires_human_review""]",0.7,needs_review,False,0,14,14,0,0,100.3,1005,1.0,1.0,175,cz_i2AsxGv0,
0,0.9874410851822049,False,,5,0,0,0,True,10,411,384.5,98,scripts/ingestion/corpus/d0v8RE6i0GM,"[""single_source_requires_human_review""]",0.7,needs_review,False,0,59,59,0,0,343.59,3612,1.0,1.0,648,d0v8RE6i0GM,
0,0.9484501347708895,False,,5,0,0,0,True,4,845,517.0,214,scripts/ingestion/corpus/d3pf-MPqRKY,"[""single_source_requires_human_review""]",0.7,needs_review,False,0,23,23,0,0,197.04999999999998,2099,1.0,1.0,380,d3pf-MPqRKY,most_paragraphs_outside_300_500_chars
0,0.0,False,,5,0,0,0,True,,,,,scripts/ingestion/corpus/dDyJNwNUbJs,"[""dead_lettered"", ""quarantined_from_retrieval""]",0.0,unavailable,False,0,0,0,0,0,0.0,,,,,dDyJNwNUbJs,
0,0.9828009828009827,False,,5,0,0,0,True,1,397,397,397,scripts/ingestion/corpus/dEZ1P72hmLg,"[""single_source_requires_human_review""]",0.7,needs_review,False,0,8,8,0,0,32.0,397,1.0,1.0,78,dEZ1P72hmLg,
0,0.08659079663532904,False,,5,0,0,0,True,1,114,114,114,scripts/ingestion/corpus/dQw77H27GMY,"[""low_speech_interval_coverage_estimate=0.087""]",0.5,needs_review,False,0,1,1,0,0,7.0,114,1.0,1.0,21,dQw77H27GMY,most_paragraphs_outside_300_500_chars
30,0.7909217078945219,False,,5,0,0,0,True,17,565,436,120,scripts/ingestion/corpus/dR7olu353VY,"[""low_speech_interval_coverage_estimate=0.791""]",0.5,needs_review,False,0,75,75,0,0,581.28,7351,1.0,1.0,1218,dR7olu353VY,
1,0.9823182711198428,False,,5,0,0,0,True,1,109,109,109,scripts/ingestion/corpus/dYCLRvvEnVA,"[""single_source_requires_human_review""]",0.7,needs_review,False,0,1,1,0,0,10.0,109,1.0,1.0,20,dYCLRvvEnVA,most_paragraphs_outside_300_500_chars
0,1.0,False,,5,0,0,0,True,1,406,406,406,scripts/ingestion/corpus/d_IIBZd-xAQ,"[""single_source_requires_human_review""]",0.7,needs_review,False,0,5,5,0,0,26.0,406,1.0,1.0,77,d_IIBZd-xAQ,
3,0.9764564444221809,False,,5,0,0,0,True,4,1298,522.5,357,scripts/ingestion/corpus/dd1OcfbBTh4,"[""single_source_requires_human_review""]",0.7,needs_review,False,0,30,30,0,0,194.92999999999998,2706,1.0,1.0,467,dd1OcfbBTh4,
0,1.0,False,,5,0,0,0,True,5,399,392,119,scripts/ingestion/corpus/dj9ymEytgS0,"[""single_source_requires_human_review""]",0.7,needs_review,False,0,29,29,0,0,107.61,1685,1.0,1.0,312,dj9ymEytgS0,
0,0.0,False,,5,0,0,0,True,,,,,scripts/ingestion/corpus/dkV4Dl3jfLs,"[""dead_lettered"", ""quarantined_from_retrieval""]",0.0,unavailable,False,0,0,0,0,0,0.0,,,,,dkV4Dl3jfLs,
0,0.9658250146799765,False,,5,0,0,0,True,8,622,409.5,8,scripts/ingestion/corpus/dqUq_a0DyLs,"[""single_source_requires_human_review""]",0.7,needs_review,False,0,31,31,0,0,246.72,3077,1.0,1.0,549,dqUq_a0DyLs,
0,0.9853321829163072,False,,5,0,0,0,True,3,379,360,228,scripts/ingestion/corpus/ds6FM6QEDWM,"[""single_source_requires_human_review""]",0.7,needs_review,False,0,10,10,0,0,91.36,971,1.0,1.0,167,ds6FM6QEDWM,
0,0.0,False,,5,0,0,0,True,,,,,scripts/ingestion/corpus/dwOK83_n6_4,"[""dead_lettered"", ""quarantined_from_retrieval""]",0.0,dead_lettered,False,0,0,0,0,0,0.0,,,,,dwOK83_n6_4,
0,0.9825003941352674,False,,5,0,0,0,True,1,2481,2481,2481,scripts/ingestion/corpus/ehkqJ54DIC0,"[""single_source_requires_human_review""]",0.7,needs_review,False,0,32,32,0,0,249.28000000000003,2481,1.0,1.0,427,ehkqJ54DIC0,most_paragraphs_outside_300_500_chars
1,0.8028897994392926,False,,5,0,0,0,True,1,544,544,544,scripts/ingestion/corpus/esrYgY--owE,"[""single_source_requires_human_review""]",0.7,needs_review,False,0,6,6,0,0,37.23,544,1.0,1.0,97,esrYgY--owE,most_paragraphs_outside_300_500_chars
8,0.9978364344439636,False,,5,0,0,0,True,9,473,400,74,scripts/ingestion/corpus/eumRL5DfFzM,"[""single_source_requires_human_review""]",0.7,needs_review,False,0,55,55,0,0,230.6,3343,1.0,1.0,586,eumRL5DfFzM,
0,0.9055681531872007,False,,5,0,0,0,True,6,460,428.0,202,scripts/ingestion/corpus/f-IpkGOOzYU,"[""single_source_requires_human_review""]",0.7,needs_review,False,0,26,26,0,0,179.70999999999998,2342,1.0,1.0,436,f-IpkGOOzYU,
4,0.861911623439001,False,,5,0,0,0,True,4,520,417.0,358,scripts/ingestion/corpus/f8iC_C6rop0,"[""single_source_requires_human_review""]",0.7,needs_review,False,0,36,36,0,0,143.56,1718,1.0,1.0,312,f8iC_C6rop0,
0,0.9976140350877193,False,,5,0,0,0,True,2,1335,706.0,77,scripts/ingestion/corpus/fYLwmDCmJ0A,"[""single_source_requires_human_review""]",0.7,needs_review,False,0,16,16,0,0,142.16,1414,1.0,1.0,235,fYLwmDCmJ0A,most_paragraphs_outside_300_500_chars
1,0.9637806551703563,False,,5,0,0,0,True,5,651,372,363,scripts/ingestion/corpus/fYhbxU61wuI,"[""single_source_requires_human_review""]",0.7,needs_review,False,0,33,33,0,0,161.52,2154,1.0,1.0,401,fYhbxU61wuI,
0,0.9303540336622169,False,,5,0,0,0,True,6,516,422.5,371,scripts/ingestion/corpus/fdPQxZsPAwI,"[""single_source_requires_human_review""]",0.7,needs_review,False,0,36,36,0,0,160.29999999999998,2600,1.0,1.0,474,fdPQxZsPAwI,
0,0.8762810527178815,False,,5,0,0,0,True,2,2182,1457.5,733,scripts/ingestion/corpus/ffhDTzE4nDU,"[""single_source_requires_human_review""]",0.7,needs_review,False,0,46,46,0,0,213.76000000000002,2917,1.0,1.0,564,ffhDTzE4nDU,most_paragraphs_outside_300_500_chars
0,0.9164816185541573,False,,5,0,0,0,True,3,438,421,37,scripts/ingestion/corpus/fiABnex9O6Y,"[""single_source_requires_human_review""]",0.7,needs_review,False,0,15,15,0,0,74.28999999999999,900,1.0,1.0,141,fiABnex9O6Y,
0,0.867895641306046,False,,5,0,0,0,True,3,2642,556,435,scripts/ingestion/corpus/fj2_d2lNGVk,"[""single_source_requires_human_review""]",0.7,needs_review,False,0,67,67,0,0,277.77000000000004,3637,1.0,1.0,658,fj2_d2lNGVk,most_paragraphs_outside_300_500_chars
0,0.0,False,,5,0,0,0,True,,,,,scripts/ingestion/corpus/fjekLTmR3ms,"[""dead_lettered"", ""quarantined_from_retrieval""]",0.0,unavailable,False,0,0,0,0,0,0.0,,,,,fjekLTmR3ms,
0,0.9831252109348633,False,,5,0,0,0,True,8,441,404.0,170,scripts/ingestion/corpus/ftFDBaH7RFg,"[""single_source_requires_human_review""]",0.7,needs_review,False,0,52,52,0,0,262.17,3020,1.0,1.0,528,ftFDBaH7RFg,
0,0.995935912465807,False,,5,0,0,0,True,9,414,375,122,scripts/ingestion/corpus/fuTnlIafdLY,"[""single_source_requires_human_review""]",0.7,needs_review,False,0,66,66,0,0,254.86,3196,1.0,1.0,651,fuTnlIafdLY,
0,0.0,False,,5,0,0,0,True,,,,,scripts/ingestion/corpus/fzfhimnVghE,"[""dead_lettered"", ""quarantined_from_retrieval""]",0.0,dead_lettered,False,0,0,0,0,0,0.0,,,,,fzfhimnVghE,
0,0.9767216294859359,False,,5,0,0,0,True,2,408,249.0,90,scripts/ingestion/corpus/g1tezETHrfY,"[""single_source_requires_human_review""]",0.7,needs_review,False,0,9,9,0,0,50.349999999999994,500,1.0,1.0,79,g1tezETHrfY,
5,0.9665738161559889,False,,5,0,0,0,True,6,388,364.0,353,scripts/ingestion/corpus/gLXqxcsF1dw,"[""single_source_requires_human_review""]",0.7,needs_review,False,0,32,32,0,0,187.38000000000002,2219,1.0,1.0,387,gLXqxcsF1dw,
4,1.0,False,,5,0,0,0,True,3,388,358,148,scripts/ingestion/corpus/gMrOMT4mfno,"[""single_source_requires_human_review""]",0.7,needs_review,False,0,10,10,0,0,79.03,898,1.0,1.0,140,gMrOMT4mfno,
0,0.0,False,,5,0,0,0,True,,,,,scripts/ingestion/corpus/gPkOSEdG0OA,"[""dead_lettered"", ""quarantined_from_retrieval""]",0.0,dead_lettered,False,0,0,0,0,0,0.0,,,,,gPkOSEdG0OA,
3,1.0,True,,5,0,0,0,True,7,478,406,154,scripts/ingestion/corpus/gQiIwfA3mlk,"[""repetition_loop_detected: 'that you are open to' (count=6)""]",0.45,needs_review,True,0,35,35,0,0,266.62,2649,1.0,1.0,467,gQiIwfA3mlk,
0,1.0,False,,5,0,0,0,True,1,618,618,618,scripts/ingestion/corpus/gQv87W3mAu8,"[""single_source_requires_human_review""]",0.7,needs_review,False,0,15,15,0,0,34.58,618,1.0,1.0,120,gQv87W3mAu8,most_paragraphs_outside_300_500_chars
0,0.9886611817501869,False,,5,0,0,0,True,3,391,374,365,scripts/ingestion/corpus/gRaAmM9ehzI,"[""single_source_requires_human_review""]",0.7,needs_review,False,0,29,29,0,0,330.46,1134,1.0,1.0,209,gRaAmM9ehzI,
0,0.997001414427157,False,,5,0,0,0,True,6,484,386.0,172,scripts/ingestion/corpus/glXpHbwhQA4,"[""single_source_requires_human_review""]",0.7,needs_review,False,0,43,43,0,0,176.22,2289,1.0,1.0,394,glXpHbwhQA4,
0,0.7644362969752521,False,,5,0,0,0,True,1,563,563,563,scripts/ingestion/corpus/gqN5tl1Kwpg,"[""low_speech_interval_coverage_estimate=0.764""]",0.5,needs_review,False,0,8,8,0,0,33.36,563,1.0,1.0,98,gqN5tl1Kwpg,most_paragraphs_outside_300_500_chars
0,0.0,False,,5,0,0,0,True,,,,,scripts/ingestion/corpus/h1YFNFOogEM,"[""dead_lettered"", ""quarantined_from_retrieval""]",0.0,unavailable,False,0,0,0,0,0,0.0,,,,,h1YFNFOogEM,
0,0.9600651996740016,False,,5,0,0,0,True,3,501,431,408,scripts/ingestion/corpus/h5Cvb_ZXnJc,"[""single_source_requires_human_review""]",0.7,needs_review,False,0,19,19,0,0,94.24,1344,1.0,1.0,237,h5Cvb_ZXnJc,
3,0.9490573884114221,False,,5,0,0,0,True,8,583,408.5,229,scripts/ingestion/corpus/h5XzWxcWrtU,"[""single_source_requires_human_review""]",0.7,needs_review,False,0,42,42,0,0,273.85999999999996,3359,1.0,1.0,622,h5XzWxcWrtU,
0,1.0,False,,5,0,0,0,True,1,132,132,132,scripts/ingestion/corpus/h8DQ0GlvD8I,"[""single_source_requires_human_review""]",0.7,needs_review,False,0,2,2,0,0,12.34,132,1.0,1.0,22,h8DQ0GlvD8I,most_paragraphs_outside_300_500_chars
0,0.9314374880580856,False,,5,0,0,0,True,4,1585,596.5,376,scripts/ingestion/corpus/h9S9Hh4aBN8,"[""single_source_requires_human_review""]",0.7,needs_review,False,0,34,34,0,0,292.49,3160,1.0,1.0,570,h9S9Hh4aBN8,
1,0.8509803921568628,False,,5,0,0,0,True,1,1127,1127,1127,scripts/ingestion/corpus/hF3NZH-UX0Y,"[""single_source_requires_human_review""]",0.7,needs_review,False,0,19,19,0,0,82.46000000000001,1127,1.0,1.0,205,hF3NZH-UX0Y,most_paragraphs_outside_300_500_chars
1,0.9469111625422822,False,,5,0,0,0,True,3,1519,371,364,scripts/ingestion/corpus/hLg4WPG4ehE,"[""single_source_requires_human_review""]",0.7,needs_review,False,0,25,25,0,0,531.88,2258,1.0,1.0,417,hLg4WPG4ehE,
2,0.9998970292951654,False,,5,0,0,0,True,7,440,401,300,scripts/ingestion/corpus/hPALIQJXMFg,"[""single_source_requires_human_review""]",0.7,needs_review,False,0,65,65,0,0,194.20999999999998,2739,1.0,1.0,496,hPALIQJXMFg,
0,0.9498837428517563,False,,5,0,0,0,True,6,1500,539.5,369,scripts/ingestion/corpus/hcNDrMy6gCE,"[""single_source_requires_human_review""]",0.7,needs_review,False,0,44,44,0,0,302.30999999999995,3972,1.0,1.0,714,hcNDrMy6gCE,most_paragraphs_outside_300_500_chars
0,0.4963608504117985,False,,5,0,0,0,True,1,26,26,26,scripts/ingestion/corpus/hfOFmTBWTSQ,"[""low_speech_interval_coverage_estimate=0.496""]",0.5,needs_review,False,0,1,1,0,0,51.83,26,1.0,1.0,6,hfOFmTBWTSQ,most_paragraphs_outside_300_500_chars
0,0.9801364365971109,False,,5,0,0,0,True,9,593,405,253,scripts/ingestion/corpus/hh61tFdyX8c,"[""single_source_requires_human_review""]",0.7,needs_review,False,0,49,49,0,0,341.95000000000005,3753,1.0,1.0,677,hh61tFdyX8c,
0,0.9965375737368557,False,,5,0,0,0,True,3,411,397,166,scripts/ingestion/corpus/hqre34QIMZg,"[""single_source_requires_human_review""]",0.7,needs_review,False,0,18,18,0,0,77.71000000000001,978,1.0,1.0,164,hqre34QIMZg,
2,0.9883155224749468,False,,5,0,0,0,True,12,567,372.5,8,scripts/ingestion/corpus/hwNlLB1sze0,"[""single_source_requires_human_review""]",0.7,needs_review,False,0,46,46,0,0,475.35999999999996,4542,1.0,1.0,835,hwNlLB1sze0,
6,0.9841688654353562,False,,5,0,0,0,True,3,1027,391,307,scripts/ingestion/corpus/i4DQFbs_RKU,"[""single_source_requires_human_review""]",0.7,needs_review,False,0,19,19,0,0,115.63,1729,1.0,1.0,345,i4DQFbs_RKU,
0,0.9914598775378666,False,,5,0,0,0,True,3,366,364,38,scripts/ingestion/corpus/iIduE7RwihM,"[""single_source_requires_human_review""]",0.7,needs_review,False,0,11,11,0,0,61.53,772,1.0,1.0,131,iIduE7RwihM,
0,0.9811843546620272,True,,5,0,0,0,True,5,413,356,31,scripts/ingestion/corpus/idoWVpnJz-Y,"[""repetition_loop_detected: 'the role of a father' (count=4)""]",0.45,needs_review,True,0,14,14,0,0,152.27,1558,1.0,1.0,286,idoWVpnJz-Y,
0,0.998690813877373,False,,5,0,0,0,True,3,439,372,141,scripts/ingestion/corpus/igSp4H0OWLE,"[""single_source_requires_human_review""]",0.7,needs_review,False,0,20,20,0,0,228.85000000000002,956,1.0,1.0,172,igSp4H0OWLE,
2,0.9917003067979978,False,,5,0,0,0,True,9,434,395,41,scripts/ingestion/corpus/iikr2xzAK6Y,"[""single_source_requires_human_review""]",0.7,needs_review,False,0,55,55,0,0,614.16,3256,1.0,1.0,587,iikr2xzAK6Y,
0,0.9980093474121516,True,,5,0,0,0,True,2,2602,1489.0,376,scripts/ingestion/corpus/inL9r7ffQ7c,"[""repetition_loop_detected: 'They don't want it to' (count=4)""]",0.45,needs_review,True,0,38,38,0,0,230.62,2980,1.0,1.0,525,inL9r7ffQ7c,
5,0.9728887430874497,True,,5,0,0,0,True,14,431,392.0,132,scripts/ingestion/corpus/izjxTA_-mNs,"[""repetition_loop_detected: 'to live in a Beautiful' (count=4)""]",0.45,needs_review,True,0,87,87,0,0,415.19,5381,1.0,1.0,960,izjxTA_-mNs,
0,0.9830919415555415,False,,5,0,0,0,True,8,444,389.5,24,scripts/ingestion/corpus/j66VV2XKBJk,"[""single_source_requires_human_review""]",0.7,needs_review,False,0,41,41,0,0,308.16,2844,1.0,1.0,499,j66VV2XKBJk,
0,0.9383592017738358,False,,5,0,0,0,True,4,454,392.5,185,scripts/ingestion/corpus/j7EZJwH8uCM,"[""single_source_requires_human_review""]",0.7,needs_review,False,0,22,22,0,0,105.79999999999998,1430,1.0,1.0,268,j7EZJwH8uCM,
0,0.9996299893621943,True,,5,0,0,0,True,9,549,405,117,scripts/ingestion/corpus/jEg3pQmKBIw,"[""repetition_loop_detected: 'when you are able to' (count=5)""]",0.45,needs_review,True,0,51,51,0,0,216.13000000000002,3547,1.0,1.0,669,jEg3pQmKBIw,
7,0.9890513854973989,False,,5,0,0,0,True,19,590,396,339,scripts/ingestion/corpus/jGG6-a4IrNw,"[""single_source_requires_human_review""]",0.7,needs_review,False,0,228,228,0,0,745.27,8001,1.0,1.0,1404,jGG6-a4IrNw,
3,1.0,False,,5,0,0,0,True,4,468,415.0,125,scripts/ingestion/corpus/jHsA3IlRCm4,"[""single_source_requires_human_review""]",0.7,needs_review,False,0,29,29,0,0,109.06,1429,1.0,1.0,246,jHsA3IlRCm4,
0,0.9992952783650458,False,,5,0,0,0,True,1,322,322,322,scripts/ingestion/corpus/jK7-PPBXwr4,"[""single_source_requires_human_review""]",0.7,needs_review,False,0,4,4,0,0,28.36,322,1.0,1.0,58,jK7-PPBXwr4,
0,0.9719496744158638,False,,5,0,0,0,True,9,474,407,299,scripts/ingestion/corpus/jRI007mQ2Wo,"[""single_source_requires_human_review""]",0.7,needs_review,False,0,47,47,0,0,329.87,3638,1.0,1.0,646,jRI007mQ2Wo,
0,0.9818034278407555,False,,5,0,0,0,True,8,415,362.0,206,scripts/ingestion/corpus/jW3JDLY0cDA,"[""single_source_requires_human_review""]",0.7,needs_review,False,0,34,34,0,0,399.27000000000004,2816,1.0,1.0,552,jW3JDLY0cDA,
0,0.9801068510370836,False,,5,0,0,0,True,9,477,383,102,scripts/ingestion/corpus/jy4hcpUSBms,"[""single_source_requires_human_review""]",0.7,needs_review,False,0,47,47,0,0,311.87,3275,1.0,1.0,575,jy4hcpUSBms,
1,0.991638449312418,False,,5,0,0,0,True,5,499,419,363,scripts/ingestion/corpus/k0GsZxWhjSE,"[""single_source_requires_human_review""]",0.7,needs_review,False,0,32,32,0,0,430.5,2093,1.0,1.0,348,k0GsZxWhjSE,
0,0.9742833052276558,False,,5,0,0,0,True,2,752,563.5,375,scripts/ingestion/corpus/k1qCouxaNjQ,"[""single_source_requires_human_review""]",0.7,needs_review,False,0,12,12,0,0,92.43999999999998,1129,1.0,1.0,221,k1qCouxaNjQ,
1,1.0,False,,5,0,0,0,True,8,629,386.5,355,scripts/ingestion/corpus/k5RDNv-CH9M,"[""single_source_requires_human_review""]",0.7,needs_review,False,0,58,58,0,0,296.3,3295,1.0,1.0,592,k5RDNv-CH9M,
0,0.935360938072554,False,,5,0,0,0,True,6,452,374.0,363,scripts/ingestion/corpus/k8iO5daXllM,"[""single_source_requires_human_review""]",0.7,needs_review,False,0,49,49,0,0,127.63,2329,1.0,1.0,440,k8iO5daXllM,
0,0.0,False,,5,0,0,0,True,,,,,scripts/ingestion/corpus/kB9lSN4nORo,"[""dead_lettered"", ""quarantined_from_retrieval""]",0.0,unavailable,False,0,0,0,0,0,0.0,,,,,kB9lSN4nORo,
6,0.9509270600667676,False,,5,0,0,0,True,54,640,396.0,334,scripts/ingestion/corpus/kMc_kat7YLE,"[""single_source_requires_human_review""]",0.7,needs_review,False,0,511,511,0,0,1583.7500000000002,22237,1.0,1.0,4088,kMc_kat7YLE,
0,0.14269418546289653,False,,5,0,0,0,True,2,455,288.5,122,scripts/ingestion/corpus/kNMpaK6SIbc,"[""low_speech_interval_coverage_estimate=0.143""]",0.5,needs_review,False,0,12,12,0,0,93.81999999999984,579,1.0,1.0,238,kNMpaK6SIbc,
0,0.9890238358121712,True,,5,0,0,0,True,11,538,398,226,scripts/ingestion/corpus/kPuvsIyt6UI,"[""repetition_loop_detected: 'discriminates on the basis of' (count=4)""]",0.45,needs_review,True,0,68,68,0,0,456.84000000000003,4467,1.0,1.0,768,kPuvsIyt6UI,
0,0.9865958474167069,False,,5,0,0,0,True,15,440,388,202,scripts/ingestion/corpus/kYVY4_zxLVQ,"[""single_source_requires_human_review""]",0.7,needs_review,False,0,97,97,0,0,510.81,5770,1.0,1.0,1011,kYVY4_zxLVQ,
16,0.9211317459470996,True,,5,0,0,0,True,20,2297,667.0,359,scripts/ingestion/corpus/kf-IuHxVN7g,"[""repetition_loop_detected: 'Shri Preetaji and Shri Krishnaji' (count=4)""]",0.45,needs_review,True,0,186,186,0,0,2763.690000000002,16041,1.0,1.0,2878,kf-IuHxVN7g,most_paragraphs_outside_300_500_chars
1,0.9695259593679458,False,,5,0,0,0,True,3,528,360,67,scripts/ingestion/corpus/kyEL8OTZwBk,"[""single_source_requires_human_review""]",0.7,needs_review,False,0,13,13,0,0,68.72,959,1.0,1.0,158,kyEL8OTZwBk,most_paragraphs_outside_300_500_chars
2,1.0,True,,5,0,0,0,True,10,479,402.0,362,scripts/ingestion/corpus/kzRqQOvjRhA,"[""repetition_loop_detected: 'It will bring battles in' (count=4)""]",0.45,needs_review,True,0,79,79,0,0,310.08,4148,1.0,1.0,739,kzRqQOvjRhA,
0,0.9889313480036895,False,,5,0,0,0,True,6,517,405.5,38,scripts/ingestion/corpus/l0bQZ9tnwvk,"[""single_source_requires_human_review""]",0.7,needs_review,False,0,30,30,0,0,150.1,2214,1.0,1.0,397,l0bQZ9tnwvk,
0,1.0,False,,5,0,0,0,True,8,449,397.0,253,scripts/ingestion/corpus/l6svaRx35TI,"[""single_source_requires_human_review""]",0.7,needs_review,False,0,41,41,0,0,254.04,3079,1.0,1.0,538,l6svaRx35TI,
0,0.0,False,,5,0,0,0,True,,,,,scripts/ingestion/corpus/lDqwgw-vYWc,"[""dead_lettered"", ""quarantined_from_retrieval""]",0.0,unavailable,False,0,0,0,0,0,0.0,,,,,lDqwgw-vYWc,
1,0.9534778681120144,False,,5,0,0,0,True,2,407,391.0,375,scripts/ingestion/corpus/lZTaw-5V_mc,"[""single_source_requires_human_review""]",0.7,needs_review,False,0,12,12,0,0,63.33,784,1.0,1.0,130,lZTaw-5V_mc,
0,0.9405526992287918,False,,5,0,0,0,True,3,801,794,304,scripts/ingestion/corpus/leypd9opVSc,"[""single_source_requires_human_review""]",0.7,needs_review,False,0,22,22,0,0,146.35,1903,1.0,1.0,337,leypd9opVSc,most_paragraphs_outside_300_500_chars
1,0.9880658888557385,True,,5,0,0,0,True,18,916,396.5,369,scripts/ingestion/corpus/liMBvMgSPC8,"[""repetition_loop_detected: 'in the form of a' (count=4)""]",0.45,needs_review,True,0,209,209,0,0,629.23,7898,1.0,1.0,1483,liMBvMgSPC8,
0,0.0,False,,5,0,0,0,True,,,,,scripts/ingestion/corpus/lmNVJBc1Zoo,"[""dead_lettered"", ""quarantined_from_retrieval""]",0.0,dead_lettered,False,0,0,0,0,0,0.0,,,,,lmNVJBc1Zoo,
0,0.9489686426606083,False,,5,0,0,0,True,36,3071,395.5,358,scripts/ingestion/corpus/m-m2wMW4020,"[""single_source_requires_human_review""]",0.7,needs_review,False,0,464,464,0,0,1583.0600000000002,20568,1.0,1.0,3885,m-m2wMW4020,
1,0.7817589576547231,False,,5,0,0,0,True,1,381,381,381,scripts/ingestion/corpus/mAG-Q4DZ5Zs,"[""low_speech_interval_coverage_estimate=0.782""]",0.5,needs_review,False,0,3,3,0,0,24.0,381,1.0,1.0,67,mAG-Q4DZ5Zs,
0,0.9575104727707959,False,,5,0,0,0,True,2,378,254.5,131,scripts/ingestion/corpus/mB83CObqvhU,"[""single_source_requires_human_review""]",0.7,needs_review,False,0,7,7,0,0,32.0,511,1.0,1.0,82,mB83CObqvhU,
1,0.9937933552391383,False,,5,0,0,0,True,3,452,421,302,scripts/ingestion/corpus/mJOReEqkgMM,"[""single_source_requires_human_review""]",0.7,needs_review,False,0,16,16,0,0,81.66,1179,1.0,1.0,212,mJOReEqkgMM,
0,0.9985576923076923,False,,5,0,0,0,True,9,435,396,310,scripts/ingestion/corpus/mNM-x9RFMcE,"[""single_source_requires_human_review""]",0.7,needs_review,False,0,55,55,0,0,353.09000000000003,3521,1.0,1.0,649,mNM-x9RFMcE,
0,0.9175005559261732,False,,5,0,0,0,True,2,482,438.5,395,scripts/ingestion/corpus/mQ_qPqsc-i0,"[""single_source_requires_human_review""]",0.7,needs_review,False,0,12,12,0,0,82.52000000000001,879,1.0,1.0,171,mQ_qPqsc-i0,
1,0.9449376849651954,False,,5,0,0,0,True,8,588,395.0,242,scripts/ingestion/corpus/mS3cZvd1AvQ,"[""single_source_requires_human_review""]",0.7,needs_review,False,0,60,60,0,0,226.70000000000002,3487,1.0,1.0,653,mS3cZvd1AvQ,
0,0.9865812747788959,True,,5,0,0,0,True,5,1807,398,365,scripts/ingestion/corpus/mbhdVEKEbLg,"[""repetition_loop_detected: 'raise your arms from the' (count=4)""]",0.45,needs_review,True,0,74,74,0,0,646.9999999999999,3392,1.0,1.0,600,mbhdVEKEbLg,
0,0.783994032395567,False,,5,0,0,0,True,3,533,377,148,scripts/ingestion/corpus/md0y8j1SxBk,"[""low_speech_interval_coverage_estimate=0.784""]",0.5,needs_review,False,0,26,26,0,0,147.14000000000001,1062,1.0,1.0,192,md0y8j1SxBk,most_paragraphs_outside_300_500_chars
0,1.0,False,,5,0,0,0,True,3,440,373,79,scripts/ingestion/corpus/mgfhxq9bn8Q,"[""single_source_requires_human_review""]",0.7,needs_review,False,0,21,21,0,0,82.25,896,1.0,1.0,141,mgfhxq9bn8Q,
11,0.9064608590707114,False,,5,0,0,0,True,19,5750,529,364,scripts/ingestion/corpus/mmpmX3-qfc4,"[""single_source_requires_human_review""]",0.7,needs_review,False,0,232,232,0,0,1321.9099999999999,17929,1.0,1.0,3113,mmpmX3-qfc4,most_paragraphs_outside_300_500_chars
0,0.9572751820077247,False,,5,0,0,0,True,8,477,388.5,247,scripts/ingestion/corpus/mpLJPUifTNA,"[""single_source_requires_human_review""]",0.7,needs_review,False,0,54,54,0,0,280.07,3128,1.0,1.0,549,mpLJPUifTNA,
0,0.9966373512674599,False,,5,0,0,0,True,5,515,386,73,scripts/ingestion/corpus/mvSrmuOyRYQ,"[""single_source_requires_human_review""]",0.7,needs_review,False,0,21,21,0,0,115.59,1839,1.0,1.0,338,mvSrmuOyRYQ,
0,0.9828843722649032,False,,5,0,0,0,True,3,655,418,395,scripts/ingestion/corpus/mz8Mb0MvBz4,"[""single_source_requires_human_review""]",0.7,needs_review,False,0,17,17,0,0,101.07,1472,1.0,1.0,264,mz8Mb0MvBz4,
1,0.9995478957665894,True,,5,0,0,0,True,20,467,387.5,136,scripts/ingestion/corpus/n3UBbCXJaJ0,"[""repetition_loop_detected: 'sacred connection with Mother Earth' (count=4)""]",0.45,needs_review,True,0,126,126,0,0,1282.31,7626,1.0,1.0,1352,n3UBbCXJaJ0,
0,0.9689038031319911,False,,5,0,0,0,True,1,349,349,349,scripts/ingestion/corpus/nCK4-w8xu9Y,"[""single_source_requires_human_review""]",0.7,needs_review,False,0,5,5,0,0,43.31,349,1.0,1.0,57,nCK4-w8xu9Y,
2,0.9486655740111061,False,,5,0,0,0,True,46,563,397.5,322,scripts/ingestion/corpus/nCkbv_lvFfg,"[""single_source_requires_human_review""]",0.7,needs_review,False,0,255,255,0,0,1551.2200000000003,18788,1.0,1.0,3235,nCkbv_lvFfg,
0,1.0,False,,5,0,0,0,True,1,143,143,143,scripts/ingestion/corpus/nD0_yE8Yy64,"[""single_source_requires_human_review""]",0.7,needs_review,False,0,2,2,0,0,14.8,143,1.0,1.0,26,nD0_yE8Yy64,most_paragraphs_outside_300_500_chars
0,0.06139363552645042,False,,5,0,0,0,True,1,68,68,68,scripts/ingestion/corpus/nHDXMZLLQyY,"[""audio_only_or_silence""]",0.5,sound_only,False,0,1,1,0,0,6.0,68,1.0,1.0,19,nHDXMZLLQyY,most_paragraphs_outside_300_500_chars
0,1.0,False,,5,0,0,0,True,5,431,412,288,scripts/ingestion/corpus/nQpRoOOu5Yc,"[""single_source_requires_human_review""]",0.7,needs_review,False,0,22,22,0,0,226.69,1956,1.0,1.0,325,nQpRoOOu5Yc,
0,1.0,False,,5,0,0,0,True,8,444,370.5,106,scripts/ingestion/corpus/nUrc8O7Avvk,"[""single_source_requires_human_review""]",0.7,needs_review,False,0,52,52,0,0,217.82,2826,1.0,1.0,489,nUrc8O7Avvk,
0,0.0,False,,5,0,0,0,True,,,,,scripts/ingestion/corpus/n_6eC35_wzA,"[""dead_lettered"", ""quarantined_from_retrieval""]",0.0,unavailable,False,0,0,0,0,0,0.0,,,,,n_6eC35_wzA,
0,0.9393078080588532,False,,5,0,0,0,True,8,1192,457.0,242,scripts/ingestion/corpus/na0fqtqARVs,"[""single_source_requires_human_review""]",0.7,needs_review,False,0,56,56,0,0,393.26000000000005,4708,1.0,1.0,836,na0fqtqARVs,most_paragraphs_outside_300_500_chars
1,0.9631578947368421,False,,5,0,0,0,True,1,1944,1944,1944,scripts/ingestion/corpus/nen-DB_tz4M,"[""single_source_requires_human_review""]",0.7,needs_review,False,0,26,26,0,0,323.91,1944,1.0,1.0,337,nen-DB_tz4M,most_paragraphs_outside_300_500_chars
0,0.9983870967741936,False,,5,0,0,0,True,1,163,163,163,scripts/ingestion/corpus/nj4mPBJsauQ,"[""single_source_requires_human_review""]",0.7,needs_review,False,0,2,2,0,0,12.38,163,1.0,1.0,30,nj4mPBJsauQ,most_paragraphs_outside_300_500_chars
1,0.9146050483486123,False,,5,0,0,0,True,3,457,393,53,scripts/ingestion/corpus/nlimcAFzAQE,"[""single_source_requires_human_review""]",0.7,needs_review,False,0,13,13,0,0,72.83,907,1.0,1.0,151,nlimcAFzAQE,
0,0.9999200607538271,True,,5,0,0,0,True,6,508,388.0,318,scripts/ingestion/corpus/nsUkTKmx2dI,"[""repetition_loop_detected: 'forming mind is a less' (count=4)""]",0.45,needs_review,True,0,30,30,0,0,250.17000000000002,2391,1.0,1.0,438,nsUkTKmx2dI,
0,0.0,False,,5,0,0,0,True,,,,,scripts/ingestion/corpus/nsWiuQDzAw4,"[""dead_lettered"", ""quarantined_from_retrieval""]",0.0,dead_lettered,False,0,0,0,0,0,0.0,,,,,nsWiuQDzAw4,
2,0.8651328237342012,False,,5,0,0,0,True,1,1561,1561,1561,scripts/ingestion/corpus/nxfjPX2qD_U,"[""single_source_requires_human_review""]",0.7,needs_review,False,0,17,17,0,0,114.31,1561,1.0,1.0,296,nxfjPX2qD_U,most_paragraphs_outside_300_500_chars
0,1.0,False,,5,0,0,0,True,2,516,470.0,424,scripts/ingestion/corpus/o6X1TVEFHAY,"[""single_source_requires_human_review""]",0.7,needs_review,False,0,22,22,0,0,67.49,942,1.0,1.0,167,o6X1TVEFHAY,
0,0.0,False,,5,0,0,0,True,,,,,scripts/ingestion/corpus/oSAPs1YDkq0,"[""dead_lettered"", ""quarantined_from_retrieval""]",0.0,dead_lettered,False,0,0,0,0,0,0.0,,,,,oSAPs1YDkq0,
0,0.984002098085497,False,,5,0,0,0,True,7,459,386,66,scripts/ingestion/corpus/oSqD_BvF7vA,"[""single_source_requires_human_review""]",0.7,needs_review,False,0,46,46,0,0,225.12,2516,1.0,1.0,438,oSqD_BvF7vA,
0,0.9506820566631691,False,,5,0,0,0,True,3,1868,1633,994,scripts/ingestion/corpus/oUCZWSi8zY4,"[""single_source_requires_human_review""]",0.7,needs_review,False,0,50,50,0,0,380.52000000000004,4499,1.0,1.0,789,oUCZWSi8zY4,most_paragraphs_outside_300_500_chars
0,0.9722077583962511,False,,5,0,0,0,True,5,518,411,359,scripts/ingestion/corpus/oXRZhJTHuOA,"[""single_source_requires_human_review""]",0.7,needs_review,False,0,29,29,0,0,149.37,2128,1.0,1.0,371,oXRZhJTHuOA,
1,0.965329777413068,False,,5,0,0,0,True,2,850,615.5,381,scripts/ingestion/corpus/oZRQoiRe7s4,"[""single_source_requires_human_review""]",0.7,needs_review,False,0,43,43,0,0,94.11,1233,1.0,1.0,223,oZRQoiRe7s4,
0,0.0,False,,5,0,0,0,True,,,,,scripts/ingestion/corpus/o_J7uas-9U0,"[""dead_lettered"", ""quarantined_from_retrieval""]",0.0,dead_lettered,False,0,0,0,0,0,0.0,,,,,o_J7uas-9U0,
0,1.0,False,,5,0,0,0,True,6,399,369.0,180,scripts/ingestion/corpus/o_eg6YTifRE,"[""single_source_requires_human_review""]",0.7,needs_review,False,0,34,34,0,0,568.57,2066,1.0,1.0,385,o_eg6YTifRE,
0,0.9953307647097237,True,,5,0,0,0,True,8,447,394.0,271,scripts/ingestion/corpus/oaKWpxmu0YI,"[""repetition_loop_detected: 'It is possible for you' (count=5)""]",0.45,needs_review,True,0,41,41,0,0,304.83,3108,1.0,1.0,533,oaKWpxmu0YI,
0,0.9996728819103697,False,,5,0,0,0,True,7,461,381,30,scripts/ingestion/corpus/oalnb5-fHjY,"[""single_source_requires_human_review""]",0.7,needs_review,False,0,46,46,0,0,244.48000000000002,2450,1.0,1.0,461,oalnb5-fHjY,
0,0.9970804071648386,False,,5,0,0,0,True,15,447,384,152,scripts/ingestion/corpus/obK5uqYXOJU,"[""single_source_requires_human_review""]",0.7,needs_review,False,0,116,116,0,0,505.44,5707,1.0,1.0,998,obK5uqYXOJU,
0,0.9018850987432675,False,,5,0,0,0,True,4,436,390.5,216,scripts/ingestion/corpus/odNtpKqbCQo,"[""single_source_requires_human_review""]",0.7,needs_review,False,0,24,24,0,0,100.47,1439,1.0,1.0,261,odNtpKqbCQo,
1,0.9954259716752686,False,,5,0,0,0,True,12,578,382.5,314,scripts/ingestion/corpus/odXq5g-Y7gM,"[""single_source_requires_human_review""]",0.7,needs_review,False,0,74,74,0,0,406.96000000000004,4901,1.0,1.0,891,odXq5g-Y7gM,
150,0.7722073824140462,True,,5,0,0,0,True,2,1495,1302.0,1109,scripts/ingestion/corpus/omDPxlDqDs0,"[""low_speech_interval_coverage_estimate=0.772"", ""repetition_loop_detected: 'Hamsa Suha Mikam, Hamsa Suha' (count=14)""]",0.45,needs_review,True,0,94,94,0,0,2471.72,2606,1.0,1.0,450,omDPxlDqDs0,most_paragraphs_outside_300_500_chars
0,0.3555166374781085,False,,5,0,0,0,True,1,280,280,280,scripts/ingestion/corpus/oqacXWT14ic,"[""audio_only_or_silence""]",0.5,sound_only,False,0,10,10,0,0,24.359999999999996,280,1.0,1.0,56,oqacXWT14ic,most_paragraphs_outside_300_500_chars
4,0.9997526366682408,False,,5,0,0,0,True,2,3138,2576.5,2015,scripts/ingestion/corpus/owC8E_G2fY4,"[""single_source_requires_human_review""]",0.7,needs_review,False,0,93,93,0,0,444.58,5155,1.0,1.0,936,owC8E_G2fY4,most_paragraphs_outside_300_500_chars
0,0.6832565938306763,False,,5,0,0,0,True,3,438,397,123,scripts/ingestion/corpus/owXqW04b08o,"[""low_speech_interval_coverage_estimate=0.683""]",0.5,needs_review,False,0,16,16,0,0,256.72,962,1.0,1.0,171,owXqW04b08o,
0,0.9244253540747621,False,,5,0,0,0,True,2,399,378.0,357,scripts/ingestion/corpus/p2HecXyM3tE,"[""single_source_requires_human_review""]",0.7,needs_review,False,0,13,13,0,0,79.63000000000001,758,1.0,1.0,142,p2HecXyM3tE,
0,0.0,False,,5,0,0,0,True,,,,,scripts/ingestion/corpus/p3eCPcvhsjM,"[""dead_lettered"", ""quarantined_from_retrieval""]",0.0,unavailable,False,0,0,0,0,0,0.0,,,,,p3eCPcvhsjM,
1,0.9059002193599193,True,,5,0,0,0,True,10,668,439.5,372,scripts/ingestion/corpus/pJXS28Odaqs,"[""repetition_loop_detected: 'how can this happen to' (count=6)""]",0.45,needs_review,True,0,57,57,0,0,322.12000000000006,4816,1.0,1.0,923,pJXS28Odaqs,
2,1.0,False,,5,0,0,0,True,5,733,508,395,scripts/ingestion/corpus/pPHQMD3w9-s,"[""single_source_requires_human_review""]",0.7,needs_review,False,0,21,21,0,0,173.47,2618,1.0,1.0,495,pPHQMD3w9-s,most_paragraphs_outside_300_500_chars
5,0.9974175459307902,False,,5,0,0,0,True,10,473,383.5,196,scripts/ingestion/corpus/pQ7yAREnJaw,"[""single_source_requires_human_review""]",0.7,needs_review,False,0,71,71,0,0,270.36,3899,1.0,1.0,716,pQ7yAREnJaw,
0,0.0,False,,5,0,0,0,True,,,,,scripts/ingestion/corpus/pR7zkayrXn8,"[""dead_lettered"", ""quarantined_from_retrieval""]",0.0,unavailable,False,0,0,0,0,0,0.0,,,,,pR7zkayrXn8,
0,1.0,False,,5,0,0,0,True,1,3,3,3,scripts/ingestion/corpus/pTnEtB8mcVA,"[""single_source_requires_human_review""]",0.7,needs_review,False,0,1,1,0,0,2.06,3,1.0,1.0,1,pTnEtB8mcVA,most_paragraphs_outside_300_500_chars
2,0.9741918493646717,False,,5,0,0,0,True,2,1835,1101.5,368,scripts/ingestion/corpus/pTnZt0SqDFM,"[""single_source_requires_human_review""]",0.7,needs_review,False,0,24,24,0,0,147.96999999999997,2205,1.0,1.0,388,pTnZt0SqDFM,
0,0.9651843962188791,False,,5,0,0,0,True,5,576,435,27,scripts/ingestion/corpus/pTw6RbHzm-U,"[""single_source_requires_human_review""]",0.7,needs_review,False,0,25,25,0,0,144.99,1942,1.0,1.0,344,pTw6RbHzm-U,most_paragraphs_outside_300_500_chars
0,0.0,False,,5,0,0,0,True,,,,,scripts/ingestion/corpus/phMVQUn1Sns,"[""dead_lettered"", ""quarantined_from_retrieval""]",0.0,dead_lettered,False,0,0,0,0,0,0.0,,,,,phMVQUn1Sns,
2,0.9674234945705824,False,,5,0,0,0,True,3,457,436,239,scripts/ingestion/corpus/pk4MA5aOSOY,"[""single_source_requires_human_review""]",0.7,needs_review,False,0,20,20,0,0,98.0,1136,1.0,1.0,209,pk4MA5aOSOY,
3,1.0,False,,5,0,0,0,True,2,502,481.5,461,scripts/ingestion/corpus/pmSPHJfg3AU,"[""single_source_requires_human_review""]",0.7,needs_review,False,0,8,8,0,0,93.38,965,1.0,1.0,192,pmSPHJfg3AU,
0,0.0,False,,5,0,0,0,True,,,,,scripts/ingestion/corpus/pomBCVpfFNw,"[""dead_lettered"", ""quarantined_from_retrieval""]",0.0,dead_lettered,False,0,0,0,0,0,0.0,,,,,pomBCVpfFNw,
0,0.9981975939975688,False,,5,0,0,0,True,6,597,434.0,196,scripts/ingestion/corpus/q15gR1aGjVs,"[""single_source_requires_human_review""]",0.7,needs_review,False,0,41,41,0,0,238.14,2534,1.0,1.0,448,q15gR1aGjVs,
0,0.0,False,,5,0,0,0,True,,,,,scripts/ingestion/corpus/qDQ1JxqWcT8,"[""dead_lettered"", ""quarantined_from_retrieval""]",0.0,unavailable,False,0,0,0,0,0,0.0,,,,,qDQ1JxqWcT8,
0,0.8918311776718859,False,,5,0,0,0,True,4,426,387.0,106,scripts/ingestion/corpus/qDSfb0DZ0PE,"[""single_source_requires_human_review""]",0.7,needs_review,False,0,11,11,0,0,131.01000000000005,1312,1.0,1.0,208,qDSfb0DZ0PE,
0,0.0,False,,5,0,0,0,True,,,,,scripts/ingestion/corpus/qIsZ9oxvWeI,"[""dead_lettered"", ""quarantined_from_retrieval""]",0.0,unavailable,False,0,0,0,0,0,0.0,,,,,qIsZ9oxvWeI,
2,0.9997521070897373,False,,5,0,0,0,True,4,420,365.5,40,scripts/ingestion/corpus/qJxGtSDiayM,"[""single_source_requires_human_review""]",0.7,needs_review,False,0,18,18,0,0,80.66000000000001,1197,1.0,1.0,188,qJxGtSDiayM,
0,0.9269518597118284,False,,5,0,0,0,True,4,418,413.5,102,scripts/ingestion/corpus/qPKICCU7Wec,"[""single_source_requires_human_review""]",0.7,needs_review,False,0,14,14,0,0,82.99,1353,1.0,1.0,256,qPKICCU7Wec,
0,0.9880597014925373,False,,5,0,0,0,True,1,319,319,319,scripts/ingestion/corpus/qQmrTz6i2x4,"[""single_source_requires_human_review""]",0.7,needs_review,False,0,3,3,0,0,33.1,319,1.0,1.0,60,qQmrTz6i2x4,
0,0.9636209813874789,True,,5,0,0,0,True,3,955,417,153,scripts/ingestion/corpus/qajcmg64VNI,"[""repetition_loop_detected: 'Shantir Bhavatu, Shantir Bhavatu, Shantir' (count=10)""]",0.45,needs_review,True,0,14,14,0,0,489.77,1529,1.0,1.0,235,qajcmg64VNI,most_paragraphs_outside_300_500_chars
0,0.9912266181095845,False,,5,0,0,0,True,2,422,338.5,255,scripts/ingestion/corpus/qiba4m7wUXQ,"[""single_source_requires_human_review""]",0.7,needs_review,False,0,14,14,0,0,59.879999999999995,679,1.0,1.0,119,qiba4m7wUXQ,
0,0.9734964989202277,False,,5,0,0,0,True,5,430,381,57,scripts/ingestion/corpus/qj6ZFtvViic,"[""single_source_requires_human_review""]",0.7,needs_review,False,0,26,26,0,0,148.76,1645,1.0,1.0,280,qj6ZFtvViic,
0,0.9829333534265153,False,,5,0,0,0,True,6,546,434.0,376,scripts/ingestion/corpus/qtG8c2zhn7A,"[""single_source_requires_human_review""]",0.7,needs_review,False,0,40,40,0,0,260.9,2657,1.0,1.0,442,qtG8c2zhn7A,
0,0.0,False,,5,0,0,0,True,,,,,scripts/ingestion/corpus/r3VajKBFhbA,"[""dead_lettered"", ""quarantined_from_retrieval""]",0.0,unavailable,False,0,0,0,0,0,0.0,,,,,r3VajKBFhbA,
0,0.9992471769134254,False,,5,0,0,0,True,7,545,401,295,scripts/ingestion/corpus/r3iE2gDwIEk,"[""single_source_requires_human_review""]",0.7,needs_review,False,0,24,24,0,0,238.92,2855,1.0,1.0,456,r3iE2gDwIEk,
4,0.9667004015539813,True,,5,0,0,0,True,3,2247,506,54,scripts/ingestion/corpus/rKoXeKg0y1Q,"[""repetition_loop_detected: 'A Come World Peace Festival' (count=4)""]",0.45,needs_review,True,0,31,31,0,0,296.11,2811,1.0,1.0,494,rKoXeKg0y1Q,most_paragraphs_outside_300_500_chars
0,0.9769340254521096,False,,5,0,0,0,True,3,1296,1148,38,scripts/ingestion/corpus/rPfK6DcC1Vw,"[""single_source_requires_human_review""]",0.7,needs_review,False,0,48,48,0,0,233.36999999999995,2486,1.0,1.0,827,rPfK6DcC1Vw,most_paragraphs_outside_300_500_chars
10,0.975432525951557,False,,5,0,0,0,True,9,1108,551,361,scripts/ingestion/corpus/rRs__D_3mKY,"[""single_source_requires_human_review""]",0.7,needs_review,False,0,65,65,0,0,422.84999999999997,5791,1.0,1.0,929,rRs__D_3mKY,most_paragraphs_outside_300_500_chars
4,0.9370149087051203,True,,5,0,0,0,True,6,471,427.5,133,scripts/ingestion/corpus/rXkyO0fOOLE,"[""repetition_loop_detected: 'Shri Preethaji and Shri Krishnaji' (count=4)""]",0.45,needs_review,True,0,27,27,0,0,167.81,2307,1.0,1.0,338,rXkyO0fOOLE,
0,0.9573400250941028,False,,5,0,0,0,True,1,2639,2639,2639,scripts/ingestion/corpus/rY83MZu--ck,"[""single_source_requires_human_review""]",0.7,needs_review,False,0,29,29,0,0,236.52999999999997,2639,1.0,1.0,476,rY83MZu--ck,most_paragraphs_outside_300_500_chars
0,0.998528484338869,False,,5,0,0,0,True,4,414,389.5,88,scripts/ingestion/corpus/r_l2RNcSPPA,"[""single_source_requires_human_review""]",0.7,needs_review,False,0,29,29,0,0,95.0,1287,1.0,1.0,226,r_l2RNcSPPA,
0,0.0,False,,5,0,0,0,True,,,,,scripts/ingestion/corpus/rnp4upHkaqQ,"[""dead_lettered"", ""quarantined_from_retrieval""]",0.0,dead_lettered,False,0,0,0,0,0,0.0,,,,,rnp4upHkaqQ,
0,0.9097324763311038,False,,5,0,0,0,True,7,1462,497,353,scripts/ingestion/corpus/roc7MPff-C8,"[""single_source_requires_human_review""]",0.7,needs_review,False,0,47,47,0,0,418.9499999999999,4218,1.0,1.0,765,roc7MPff-C8,
0,0.9630622009569378,False,,5,0,0,0,True,4,517,417.5,300,scripts/ingestion/corpus/rux7GLCqLWQ,"[""single_source_requires_human_review""]",0.7,needs_review,False,0,19,19,0,0,100.64,1658,1.0,1.0,315,rux7GLCqLWQ,
0,0.9995642701525055,True,,5,0,0,0,True,6,434,420.5,261,scripts/ingestion/corpus/rxz4w8fxXZ8,"[""repetition_loop_detected: 'It is possible for you' (count=4)""]",0.45,needs_review,True,0,25,25,0,0,229.4,2374,1.0,1.0,404,rxz4w8fxXZ8,
2,0.987505304351926,False,,5,0,0,0,True,20,451,387.0,357,scripts/ingestion/corpus/s-In3a1CAoI,"[""single_source_requires_human_review""]",0.7,needs_review,False,0,132,132,0,0,628.3199999999999,7915,1.0,1.0,1484,s-In3a1CAoI,
0,0.0,False,,5,0,0,0,True,,,,,scripts/ingestion/corpus/s0p8jSaZOGc,"[""dead_lettered"", ""quarantined_from_retrieval""]",0.0,unavailable,False,0,0,0,0,0,0.0,,,,,s0p8jSaZOGc,
0,0.0,False,,5,0,0,0,True,,,,,scripts/ingestion/corpus/s4cOjzTWGh8,"[""dead_lettered"", ""quarantined_from_retrieval""]",0.0,dead_lettered,False,0,0,0,0,0,0.0,,,,,s4cOjzTWGh8,
0,0.9964180230000629,False,,5,0,0,0,True,10,672,432.5,124,scripts/ingestion/corpus/s6B81c2uTGg,"[""single_source_requires_human_review""]",0.7,needs_review,False,0,72,72,0,0,475.68,4341,1.0,1.0,810,s6B81c2uTGg,
0,0.9565880789486637,False,,5,0,0,0,True,5,633,393,358,scripts/ingestion/corpus/sCCLfLa0gyw,"[""single_source_requires_human_review""]",0.7,needs_review,False,0,29,29,0,0,194.35,2176,1.0,1.0,417,sCCLfLa0gyw,
2,0.9523102870799138,False,,5,0,0,0,True,42,532,394.0,357,scripts/ingestion/corpus/sMgbjxyrgqw,"[""single_source_requires_human_review""]",0.7,needs_review,False,0,569,569,0,0,1597.9099999999999,17194,1.0,1.0,3155,sMgbjxyrgqw,
0,0.8914120107120582,False,,5,0,0,0,True,5,1491,948,108,scripts/ingestion/corpus/sO6_webPTdg,"[""single_source_requires_human_review""]",0.7,needs_review,False,0,57,57,0,0,242.98999999999992,4352,1.0,1.0,865,sO6_webPTdg,most_paragraphs_outside_300_500_chars
3,0.9674566860315665,False,,5,0,0,0,True,7,499,384,219,scripts/ingestion/corpus/sOv9ISMIRQ0,"[""single_source_requires_human_review""]",0.7,needs_review,False,0,45,45,0,0,188.18,2711,1.0,1.0,468,sOv9ISMIRQ0,
0,0.0,False,,5,0,0,0,True,,,,,scripts/ingestion/corpus/sQkhrJ3C49w,"[""dead_lettered"", ""quarantined_from_retrieval""]",0.0,dead_lettered,False,0,0,0,0,0,0.0,,,,,sQkhrJ3C49w,
3,0.959289825924128,True,,5,0,0,0,True,6,714,446.0,371,scripts/ingestion/corpus/sZXuNv0L8YA,"[""repetition_loop_detected: 'ஏற்று ஏற்று ஏற்று ஏற்று ஏற்ற' (count=7)""]",0.45,needs_review,True,0,64,64,0,0,276.64000000000004,2927,1.0,1.0,769,sZXuNv0L8YA,
0,0.8205375669545919,True,,5,0,0,0,True,8,439,406.5,119,scripts/ingestion/corpus/sboLTO_FUY4,"[""repetition_loop_detected: 'the way we relate to' (count=4)""]",0.45,needs_review,True,0,41,41,0,0,170.04000000000008,2983,1.0,1.0,569,sboLTO_FUY4,
1,0.9725991189427313,False,,5,0,0,0,True,8,560,394.0,203,scripts/ingestion/corpus/smrj15-QOAI,"[""single_source_requires_human_review""]",0.7,needs_review,False,0,46,46,0,0,220.78,3164,1.0,1.0,542,smrj15-QOAI,
0,0.9237310656391178,False,,5,0,0,0,True,3,405,373,84,scripts/ingestion/corpus/stUPu1-W4bE,"[""single_source_requires_human_review""]",0.7,needs_review,False,0,14,14,0,0,69.52000000000001,866,1.0,1.0,131,stUPu1-W4bE,
5,0.8957907642010623,False,,5,0,0,0,True,2,405,288.5,172,scripts/ingestion/corpus/susUKIwVD34,"[""single_source_requires_human_review""]",0.7,needs_review,False,0,7,7,0,0,43.83999999999999,579,1.0,1.0,114,susUKIwVD34,
0,0.9914847685296233,False,,5,0,0,0,True,4,434,406.0,110,scripts/ingestion/corpus/szJ7uDYHJ1Y,"[""single_source_requires_human_review""]",0.7,needs_review,False,0,21,21,0,0,165.33999999999997,1362,1.0,1.0,248,szJ7uDYHJ1Y,
1,0.8893513701005897,False,,5,0,0,0,True,2,380,323.0,266,scripts/ingestion/corpus/tAFtaCF5a30,"[""single_source_requires_human_review""]",0.7,needs_review,False,0,9,9,0,0,51.28,648,1.0,1.0,112,tAFtaCF5a30,
0,0.0,False,,5,0,0,0,True,,,,,scripts/ingestion/corpus/tBKVwXEzl0c,"[""dead_lettered"", ""quarantined_from_retrieval""]",0.0,dead_lettered,False,0,0,0,0,0,0.0,,,,,tBKVwXEzl0c,
0,0.6398750045419859,False,,5,0,0,0,True,3,2058,2056,736,scripts/ingestion/corpus/tCWfCISvo5k,"[""low_speech_interval_coverage_estimate=0.640""]",0.5,needs_review,False,0,131,131,0,0,880.4999999999997,4854,1.0,1.0,1033,tCWfCISvo5k,most_paragraphs_outside_300_500_chars
0,0.0,False,,5,0,0,0,True,,,,,scripts/ingestion/corpus/tDcy09esbe8,"[""dead_lettered"", ""quarantined_from_retrieval""]",0.0,dead_lettered,False,0,0,0,0,0,0.0,,,,,tDcy09esbe8,
1,1.0,False,,5,0,0,0,True,2,437,324.5,212,scripts/ingestion/corpus/tGvaofifDzI,"[""single_source_requires_human_review""]",0.7,needs_review,False,0,6,6,0,0,39.67,651,1.0,1.0,123,tGvaofifDzI,
7,0.9404805914972273,False,,5,0,0,0,True,4,382,365.5,334,scripts/ingestion/corpus/tLNsDEp-JcA,"[""single_source_requires_human_review""]",0.7,needs_review,False,0,27,27,0,0,127.19999999999999,1453,1.0,1.0,246,tLNsDEp-JcA,
0,0.7272135416666666,False,,5,0,0,0,True,1,533,533,533,scripts/ingestion/corpus/tMaJzikpfeY,"[""low_speech_interval_coverage_estimate=0.727""]",0.5,needs_review,False,0,7,7,0,0,33.51,533,1.0,1.0,90,tMaJzikpfeY,most_paragraphs_outside_300_500_chars
0,1.0,False,,5,0,0,0,True,1,473,473,473,scripts/ingestion/corpus/tOi1Ho5Kwhk,"[""single_source_requires_human_review""]",0.7,needs_review,False,0,7,7,0,0,90.01,473,1.0,1.0,81,tOi1Ho5Kwhk,
7,0.9739141608840914,False,,5,0,0,0,True,2,2082,1392.5,703,scripts/ingestion/corpus/tegTDWT3SDc,"[""single_source_requires_human_review""]",0.7,needs_review,False,0,37,37,0,0,227.37,2787,1.0,1.0,503,tegTDWT3SDc,most_paragraphs_outside_300_500_chars
12,0.8927585104218146,True,,5,0,0,0,True,1,203,203,203,scripts/ingestion/corpus/tix59qHbyrI,"[""repetition_loop_detected: 'Ham se sohameekam Ham se' (count=6)""]",0.45,needs_review,True,0,12,12,0,0,307.1,203,1.0,1.0,36,tix59qHbyrI,most_paragraphs_outside_300_500_chars
0,0.7723537941034316,False,,5,0,0,0,True,1,277,277,277,scripts/ingestion/corpus/tl2Ek-QakME,"[""low_speech_interval_coverage_estimate=0.772""]",0.5,needs_review,False,0,8,8,0,0,31.96,277,1.0,1.0,44,tl2Ek-QakME,most_paragraphs_outside_300_500_chars
0,1.0,False,,5,0,0,0,True,3,372,368,134,scripts/ingestion/corpus/tl31QISheOc,"[""single_source_requires_human_review""]",0.7,needs_review,False,0,25,25,0,0,65.29,878,1.0,1.0,158,tl31QISheOc,
0,0.9680620413609072,False,,5,0,0,0,True,1,1254,1254,1254,scripts/ingestion/corpus/txmjnRTgB4Y,"[""single_source_requires_human_review""]",0.7,needs_review,False,0,14,14,0,0,116.09,1254,1.0,1.0,227,txmjnRTgB4Y,most_paragraphs_outside_300_500_chars
0,0.9393687175875538,False,,5,0,0,0,True,3,761,588,543,scripts/ingestion/corpus/u3xrPJu51SM,"[""single_source_requires_human_review""]",0.7,needs_review,False,0,21,21,0,0,146.72000000000003,1896,1.0,1.0,355,u3xrPJu51SM,most_paragraphs_outside_300_500_chars
0,0.7723993558776167,False,,5,0,0,0,True,1,2880,2880,2880,scripts/ingestion/corpus/u5JpxwG34bE,"[""low_speech_interval_coverage_estimate=0.772""]",0.5,needs_review,False,0,65,65,0,0,239.82999999999996,2880,1.0,1.0,540,u5JpxwG34bE,most_paragraphs_outside_300_500_chars
0,0.9570424262241478,False,,5,0,0,0,True,3,1137,1113,33,scripts/ingestion/corpus/uA7E_SUdtM8,"[""single_source_requires_human_review""]",0.7,needs_review,False,0,30,30,0,0,234.15,2287,1.0,1.0,405,uA7E_SUdtM8,most_paragraphs_outside_300_500_chars
0,1.0,False,,5,0,0,0,True,13,846,461,356,scripts/ingestion/corpus/uAPvGyjkrB8,"[""single_source_requires_human_review""]",0.7,needs_review,False,0,86,86,0,0,540.5,6500,1.0,1.0,1244,uAPvGyjkrB8,
1,0.9191363819230253,False,,5,0,0,0,True,2,382,377.5,373,scripts/ingestion/corpus/uGosHULQQk0,"[""single_source_requires_human_review""]",0.7,needs_review,False,0,12,12,0,0,68.53999999999999,757,1.0,1.0,136,uGosHULQQk0,
0,0.7976045247865142,False,,5,0,0,0,True,6,467,393.0,272,scripts/ingestion/corpus/uIknA-azXKQ,"[""low_speech_interval_coverage_estimate=0.798""]",0.5,needs_review,False,0,43,43,0,0,143.83999999999997,2311,1.0,1.0,408,uIknA-azXKQ,
0,0.9131795356960921,False,,5,0,0,0,True,4,1826,897.5,394,scripts/ingestion/corpus/uNkgwv4dqEs,"[""single_source_requires_human_review""]",0.7,needs_review,False,0,46,46,0,0,250.96000000000004,4021,1.0,1.0,717,uNkgwv4dqEs,most_paragraphs_outside_300_500_chars
0,0.9891835310537336,False,,5,0,0,0,True,3,470,382,261,scripts/ingestion/corpus/uPm6kDwrjSY,"[""single_source_requires_human_review""]",0.7,needs_review,False,0,21,21,0,0,311.85,1117,1.0,1.0,200,uPm6kDwrjSY,
0,0.9784431137724551,False,,5,0,0,0,True,1,834,834,834,scripts/ingestion/corpus/uSAO5p0GIU8,"[""single_source_requires_human_review""]",0.7,needs_review,False,0,9,9,0,0,65.36,834,1.0,1.0,141,uSAO5p0GIU8,most_paragraphs_outside_300_500_chars
2,0.9887249890462976,False,,5,0,0,0,True,11,441,373,253,scripts/ingestion/corpus/uZg9XnRub7w,"[""single_source_requires_human_review""]",0.7,needs_review,False,0,79,79,0,0,338.49,4139,1.0,1.0,732,uZg9XnRub7w,
2,0.9815482502651113,False,,5,0,0,0,True,4,406,377.0,109,scripts/ingestion/corpus/umD1vXG7WIA,"[""single_source_requires_human_review""]",0.7,needs_review,False,0,15,15,0,0,92.55999999999999,1275,1.0,1.0,214,umD1vXG7WIA,
2,0.5855485876019757,False,,5,0,0,0,True,8,451,394.0,188,scripts/ingestion/corpus/utRatnFr-S8,"[""low_speech_interval_coverage_estimate=0.586""]",0.5,needs_review,False,0,64,64,0,0,211.02,3000,1.0,1.0,547,utRatnFr-S8,
0,0.9990121017535194,False,,5,0,0,0,True,3,461,379,237,scripts/ingestion/corpus/uvhEf3ToMHI,"[""single_source_requires_human_review""]",0.7,needs_review,False,0,17,17,0,0,80.9,1081,1.0,1.0,182,uvhEf3ToMHI,
0,0.9033437826541274,False,,5,0,0,0,True,1,410,410,410,scripts/ingestion/corpus/uz81-q_o5LI,"[""single_source_requires_human_review""]",0.7,needs_review,False,0,8,8,0,0,34.58,410,1.0,1.0,78,uz81-q_o5LI,
0,0.9893876927775231,False,,5,0,0,0,True,4,495,386.5,111,scripts/ingestion/corpus/v55cSB0foxM,"[""single_source_requires_human_review""]",0.7,needs_review,False,0,22,22,0,0,129.58999999999997,1385,1.0,1.0,243,v55cSB0foxM,
0,0.9508122586704698,False,,5,0,0,0,True,5,1166,646,127,scripts/ingestion/corpus/v58RteTeBlE,"[""single_source_requires_human_review""]",0.7,needs_review,False,0,36,36,0,0,273.33,3170,1.0,1.0,600,v58RteTeBlE,most_paragraphs_outside_300_500_chars
0,0.9514790286975718,False,,5,0,0,0,True,5,444,434,414,scripts/ingestion/corpus/vGWM3R_ihxI,"[""single_source_requires_human_review""]",0.7,needs_review,False,0,33,33,0,0,215.51000000000002,2163,1.0,1.0,375,vGWM3R_ihxI,
1,1.0,False,,5,0,0,0,True,8,612,411.5,371,scripts/ingestion/corpus/vIUY446FVPw,"[""single_source_requires_human_review""]",0.7,needs_review,False,0,64,64,0,0,378.26,3532,1.0,1.0,652,vIUY446FVPw,
30,0.2844940294604723,True,,5,0,0,0,True,2,518,307.0,96,scripts/ingestion/corpus/vLCsNfcbWqs,"[""low_speech_interval_coverage_estimate=0.284"", ""repetition_loop_detected: 'Hamsa sohameekam, Hamsa sohameekam, Hamsa' (count=9)""]",0.45,needs_review,True,0,6,6,0,0,97.91999999999996,616,1.0,1.0,110,vLCsNfcbWqs,most_paragraphs_outside_300_500_chars
0,0.9544331323514876,False,,5,0,0,0,True,3,557,406,405,scripts/ingestion/corpus/vNj7OSHos1I,"[""single_source_requires_human_review""]",0.7,needs_review,False,0,19,19,0,0,96.56,1372,1.0,1.0,247,vNj7OSHos1I,
8,0.9990803993694167,False,,5,0,0,0,True,1,2389,2389,2389,scripts/ingestion/corpus/vZGe4g66rw4,"[""single_source_requires_human_review""]",0.7,needs_review,False,0,31,31,0,0,228.15,2389,1.0,1.0,405,vZGe4g66rw4,most_paragraphs_outside_300_500_chars
0,0.9709734035371944,False,,5,0,0,0,True,4,457,403.5,190,scripts/ingestion/corpus/vch9C_hNjGs,"[""single_source_requires_human_review""]",0.7,needs_review,False,0,17,17,0,0,143.83999999999997,1460,1.0,1.0,253,vch9C_hNjGs,
0,0.9591738029531425,False,,5,0,0,0,True,9,490,381,170,scripts/ingestion/corpus/vcvE5YpOjL4,"[""single_source_requires_human_review""]",0.7,needs_review,False,0,52,52,0,0,337.14000000000004,3452,1.0,1.0,648,vcvE5YpOjL4,
0,1.0,False,,5,0,0,0,True,1,274,274,274,scripts/ingestion/corpus/ve_KEcn9Ues,"[""single_source_requires_human_review""]",0.7,needs_review,False,0,4,4,0,0,37.14,274,1.0,1.0,52,ve_KEcn9Ues,most_paragraphs_outside_300_500_chars
0,0.8634597594819611,False,,5,0,0,0,True,2,447,303.5,160,scripts/ingestion/corpus/vhLVeSDWB5M,"[""single_source_requires_human_review""]",0.7,needs_review,False,0,11,11,0,0,46.669999999999995,609,1.0,1.0,101,vhLVeSDWB5M,
0,0.8342722226824619,False,,5,0,0,0,True,6,475,408.0,366,scripts/ingestion/corpus/vjEsXpEtpH4,"[""single_source_requires_human_review""]",0.7,needs_review,False,0,55,55,0,0,201.40999999999994,2465,1.0,1.0,441,vjEsXpEtpH4,
0,0.0,False,,5,0,0,0,True,,,,,scripts/ingestion/corpus/vmm8-Vqr8GQ,"[""dead_lettered"", ""quarantined_from_retrieval""]",0.0,dead_lettered,False,0,0,0,0,0,0.0,,,,,vmm8-Vqr8GQ,
0,1.0,False,,5,0,0,0,True,4,428,377.5,225,scripts/ingestion/corpus/vrXmfCUvigs,"[""single_source_requires_human_review""]",0.7,needs_review,False,0,44,44,0,0,134.27,1414,1.0,1.0,283,vrXmfCUvigs,
1,1.0,False,,5,0,0,0,True,7,472,382,46,scripts/ingestion/corpus/vy09aBxslx0,"[""single_source_requires_human_review""]",0.7,needs_review,False,0,30,30,0,0,220.83,2472,1.0,1.0,432,vy09aBxslx0,
1,0.7567147816553994,False,,5,0,0,0,True,2,665,450.5,236,scripts/ingestion/corpus/w1U9nHF3H5o,"[""low_speech_interval_coverage_estimate=0.757""]",0.5,needs_review,False,0,22,22,0,0,82.83000000000001,903,1.0,1.0,154,w1U9nHF3H5o,most_paragraphs_outside_300_500_chars
0,0.7974031626287539,False,,5,0,0,0,True,3,464,401,377,scripts/ingestion/corpus/w1gF90_cBl4,"[""low_speech_interval_coverage_estimate=0.797""]",0.5,needs_review,False,0,19,19,0,0,109.93000000000002,1246,1.0,1.0,226,w1gF90_cBl4,
1,0.9751724137931035,False,,5,0,0,0,True,8,529,381.5,317,scripts/ingestion/corpus/w2qbJB6ie9Y,"[""single_source_requires_human_review""]",0.7,needs_review,False,0,35,35,0,0,233.31,3162,1.0,1.0,592,w2qbJB6ie9Y,
6,0.9326428158895171,False,,5,0,0,0,True,34,493,389.0,241,scripts/ingestion/corpus/wDaE92bNRNw,"[""single_source_requires_human_review""]",0.7,needs_review,False,0,267,267,0,0,1469.5,13452,1.0,1.0,2380,wDaE92bNRNw,
0,0.9270082226438965,False,,5,0,0,0,True,4,665,479.5,392,scripts/ingestion/corpus/wKYEvQZ03Po,"[""single_source_requires_human_review""]",0.7,needs_review,False,0,25,25,0,0,146.56000000000003,2022,1.0,1.0,350,wKYEvQZ03Po,
0,0.9292414355628059,False,,5,0,0,0,True,2,368,266.0,164,scripts/ingestion/corpus/wZ9FcYgjbPM,"[""single_source_requires_human_review""]",0.7,needs_review,False,0,5,5,0,0,45.57,534,1.0,1.0,80,wZ9FcYgjbPM,
0,0.927448609431681,False,,5,0,0,0,True,5,467,368,120,scripts/ingestion/corpus/wjgYeizZwN8,"[""single_source_requires_human_review""]",0.7,needs_review,False,0,42,42,0,0,138.06000000000003,1697,1.0,1.0,315,wjgYeizZwN8,
0,0.8680843706777319,False,,5,0,0,0,True,2,383,368.0,353,scripts/ingestion/corpus/wzb6s4oJX1Y,"[""single_source_requires_human_review""]",0.7,needs_review,False,0,11,11,0,0,50.210000000000015,738,1.0,1.0,131,wzb6s4oJX1Y,
26,0.990070864264994,True,,5,0,0,0,True,63,623,397,255,scripts/ingestion/corpus/x-mTRlE0TC4,"[""repetition_loop_detected: 'if we don't feel one' (count=4)""]",0.45,needs_review,True,0,653,653,0,0,1703.1100000000001,26226,1.0,1.0,4769,x-mTRlE0TC4,
0,1.0,False,,5,0,0,0,True,2,383,367.5,352,scripts/ingestion/corpus/x1KyU5MVHu4,"[""single_source_requires_human_review""]",0.7,needs_review,False,0,12,12,0,0,69.31,737,1.0,1.0,126,x1KyU5MVHu4,
0,1.0,False,,5,0,0,0,True,2,522,353.0,184,scripts/ingestion/corpus/x1Neqc9ytqE,"[""single_source_requires_human_review""]",0.7,needs_review,False,0,8,8,0,0,43.31,708,1.0,1.0,134,x1Neqc9ytqE,most_paragraphs_outside_300_500_chars
1,0.998543335761107,False,,5,0,0,0,True,3,392,375,317,scripts/ingestion/corpus/xFQSF6GzQXQ,"[""single_source_requires_human_review""]",0.7,needs_review,False,0,16,16,0,0,82.25999999999999,1088,1.0,1.0,183,xFQSF6GzQXQ,
0,1.0,False,,5,0,0,0,True,1,135,135,135,scripts/ingestion/corpus/xFyfHBkyQgA,"[""single_source_requires_human_review""]",0.7,needs_review,False,0,2,2,0,0,26.66,135,1.0,1.0,24,xFyfHBkyQgA,most_paragraphs_outside_300_500_chars
0,0.9930928626247122,False,,5,0,0,0,True,1,343,343,343,scripts/ingestion/corpus/xNzBwpLBtSs,"[""single_source_requires_human_review""]",0.7,needs_review,False,0,4,4,0,0,25.88,343,1.0,1.0,52,xNzBwpLBtSs,
2,0.963868455214193,False,,5,0,0,0,True,3,371,358,260,scripts/ingestion/corpus/xTVHvMHakow,"[""single_source_requires_human_review""]",0.7,needs_review,False,0,16,16,0,0,89.1,993,1.0,1.0,179,xTVHvMHakow,
3,0.8945774007876401,False,,5,0,0,0,True,1,2064,2064,2064,scripts/ingestion/corpus/xUO_WoOlWmI,"[""single_source_requires_human_review""]",0.7,needs_review,False,0,30,30,0,0,118.12,2064,1.0,1.0,397,xUO_WoOlWmI,most_paragraphs_outside_300_500_chars
0,0.9942296098527259,True,,5,0,0,0,True,6,427,379.5,253,scripts/ingestion/corpus/xnfQDhWWMkU,"[""repetition_loop_detected: 'This enlightened state of stillness' (count=5)""]",0.45,needs_review,True,0,32,32,0,0,230.88,2205,1.0,1.0,381,xnfQDhWWMkU,
0,0.9061681352703024,False,,5,0,0,0,True,2,444,391.5,339,scripts/ingestion/corpus/xsJwbk_N-RE,"[""single_source_requires_human_review""]",0.7,needs_review,False,0,11,11,0,0,76.1,785,1.0,1.0,138,xsJwbk_N-RE,
0,0.9919211059832718,True,,5,0,0,0,True,31,459,383,357,scripts/ingestion/corpus/y-C_8_p_F5w,"[""repetition_loop_detected: 'Inhaling Uthanasana. Exhaling Uthkatasana. Inhaling' (count=5)""]",0.45,needs_review,True,0,319,319,0,0,1947.2800000000002,12092,1.0,1.0,2077,y-C_8_p_F5w,
0,0.9403696640751061,False,,5,0,0,0,True,9,484,395,287,scripts/ingestion/corpus/y2ZgKdt4Cj0,"[""single_source_requires_human_review""]",0.7,needs_review,False,0,89,89,0,0,256.41999999999996,3597,1.0,1.0,730,y2ZgKdt4Cj0,
0,0.9518311797538037,False,,5,0,0,0,True,3,1468,1336,486,scripts/ingestion/corpus/y4ZR5U8VuQY,"[""single_source_requires_human_review""]",0.7,needs_review,False,0,37,37,0,0,248.97999999999996,3294,1.0,1.0,595,y4ZR5U8VuQY,most_paragraphs_outside_300_500_chars
1,0.99935504675911,False,,5,0,0,0,True,2,431,396.0,361,scripts/ingestion/corpus/y9iL10DPhzI,"[""single_source_requires_human_review""]",0.7,needs_review,False,0,18,18,0,0,61.980000000000004,794,1.0,1.0,125,y9iL10DPhzI,
0,0.9288905112026558,False,,5,0,0,0,True,5,1244,799,369,scripts/ingestion/corpus/yDTGeNo-w0c,"[""single_source_requires_human_review""]",0.7,needs_review,False,0,45,45,0,0,534.3999999999999,3907,1.0,1.0,679,yDTGeNo-w0c,most_paragraphs_outside_300_500_chars
0,0.9983616692426583,False,,5,0,0,0,True,7,469,418,129,scripts/ingestion/corpus/yJoWk10CSjg,"[""single_source_requires_human_review""]",0.7,needs_review,False,0,45,45,0,0,322.96999999999997,2637,1.0,1.0,481,yJoWk10CSjg,
0,0.9484172982612573,True,,5,0,0,0,True,7,485,393,233,scripts/ingestion/corpus/yc-Qs4eiZ2U,"[""repetition_loop_detected: 'is a part of our' (count=4)""]",0.45,needs_review,True,0,40,40,0,0,212.73000000000002,2701,1.0,1.0,465,yc-Qs4eiZ2U,
3,0.9913052587471192,False,,5,0,0,0,True,7,458,394,362,scripts/ingestion/corpus/z0iCoqwZE_U,"[""single_source_requires_human_review""]",0.7,needs_review,False,0,58,58,0,0,283.89,2837,1.0,1.0,523,z0iCoqwZE_U,
0,0.9584655983478029,False,,5,0,0,0,True,7,422,369,300,scripts/ingestion/corpus/z3fSeC_oG-s,"[""single_source_requires_human_review""]",0.7,needs_review,False,0,29,29,0,0,250.61000000000004,2630,1.0,1.0,475,z3fSeC_oG-s,
1,1.0,False,,5,0,0,0,True,1,222,222,222,scripts/ingestion/corpus/zCnqQBfyXa4,"[""single_source_requires_human_review""]",0.7,needs_review,False,0,6,6,0,0,30.1,222,1.0,1.0,38,zCnqQBfyXa4,most_paragraphs_outside_300_500_chars
0,0.9004460303300623,False,,5,0,0,0,True,2,356,303.5,251,scripts/ingestion/corpus/zDOS3wCWea8,"[""single_source_requires_human_review""]",0.7,needs_review,False,0,11,11,0,0,50.46999999999999,609,1.0,1.0,111,zDOS3wCWea8,
0,0.9950877192982456,False,,5,0,0,0,True,1,362,362,362,scripts/ingestion/corpus/zFOxZ2oo8-U,"[""single_source_requires_human_review""]",0.7,needs_review,False,0,5,5,0,0,28.36,362,1.0,1.0,60,zFOxZ2oo8-U,
1,0.997186620819006,False,,5,0,0,0,True,2,455,424.5,394,scripts/ingestion/corpus/zGOKGrTNlk4,"[""single_source_requires_human_review""]",0.7,needs_review,False,0,14,14,0,0,63.8,851,1.0,1.0,159,zGOKGrTNlk4,
0,0.964628099173554,False,,5,0,0,0,True,6,1371,500.5,122,scripts/ingestion/corpus/zGhlBQ8iWl4,"[""single_source_requires_human_review""]",0.7,needs_review,False,0,40,40,0,0,379.3400000000001,3582,1.0,1.0,642,zGhlBQ8iWl4,most_paragraphs_outside_300_500_chars
0,0.30875236927193656,False,,5,0,0,0,True,6,423,383.0,359,scripts/ingestion/corpus/zO8tQkjCpyc,"[""low_speech_interval_coverage_estimate=0.309""]",0.5,needs_review,False,0,35,35,0,0,276.9199999999999,2313,1.0,1.0,410,zO8tQkjCpyc,
10,0.9791293742746425,True,,5,0,0,0,True,2,1208,812.0,416,scripts/ingestion/corpus/zPrI0q34qw8,"[""repetition_loop_detected: 'Shantir Bhavatu, Shantir Bhavatu, Shantir' (count=10)""]",0.45,needs_review,True,0,17,17,0,0,497.76000000000005,1626,1.0,1.0,244,zPrI0q34qw8,
16,0.9694017680885761,True,,5,0,0,0,True,5,856,481,361,scripts/ingestion/corpus/zPsun8EkA2s,"[""repetition_loop_detected: 'and live in a Beautiful' (count=4)""]",0.45,needs_review,True,0,30,30,0,0,225.89000000000001,2803,1.0,1.0,499,zPsun8EkA2s,
0,0.9684169734547567,False,,5,0,0,0,True,1,1423,1423,1423,scripts/ingestion/corpus/zXjwi5tTcno,"[""single_source_requires_human_review""]",0.7,needs_review,False,0,15,15,0,0,99.96,1423,1.0,1.0,260,zXjwi5tTcno,most_paragraphs_outside_300_500_chars
1,0.9843498273878021,False,,5,0,0,0,True,1,1266,1266,1266,scripts/ingestion/corpus/zlxVrlARMEI,"[""single_source_requires_human_review""]",0.7,needs_review,False,0,14,14,0,0,85.54,1266,1.0,1.0,256,zlxVrlARMEI,most_paragraphs_outside_300_500_chars
0,0.9843861706082531,False,,5,0,0,0,True,9,455,391,355,scripts/ingestion/corpus/zp2w7DTmOwc,"[""single_source_requires_human_review""]",0.7,needs_review,False,0,52,52,0,0,344.23,3608,1.0,1.0,667,zp2w7DTmOwc,
0,0.9767553843459988,False,,5,0,0,0,True,5,1729,403,377,scripts/ingestion/corpus/zpuRES7Fnm8,"[""single_source_requires_human_review""]",0.7,needs_review,False,0,100,100,0,0,669.39,3344,1.0,1.0,598,zpuRES7Fnm8,
0,0.7927986602158537,False,,5,0,0,0,True,1,2512,2512,2512,scripts/ingestion/corpus/zs_JKa0cVsY,"[""low_speech_interval_coverage_estimate=0.793""]",0.5,needs_review,False,0,43,43,0,0,170.4199999999999,2512,1.0,1.0,462,zs_JKa0cVsY,most_paragraphs_outside_300_500_chars
0,0.0,False,,5,0,0,0,True,,,,,scripts/ingestion/corpus/zvRiparLGl8,"[""dead_lettered"", ""quarantined_from_retrieval""]",0.0,unavailable,False,0,0,0,0,0,0.0,,,,,zvRiparLGl8,
2,0.8838477176122715,False,,5,0,0,0,True,3,735,601,371,scripts/ingestion/corpus/zyUzxY37YVA,"[""single_source_requires_human_review""]",0.7,needs_review,False,0,21,21,0,0,95.65000000000002,1711,1.0,1.0,331,zyUzxY37YVA,most_paragraphs_outside_300_500_chars
